{
  "test": "Operator Map \u2014 Susceptibility-Gated Exposure",
  "source_model_R2": 0.3142734964438385,
  "sigmoid_terciles": [
    {
      "tercile": "Low susceptibility",
      "n": 32572,
      "linear_slope": -0.819802317093008,
      "linear_p": 1.3070489358769492e-06,
      "z_centers": [
        0.43524144970885553,
        0.585166078147593,
        0.6751523139803657,
        0.7375646347826833,
        0.790023439462242,
        0.8374696635193266,
        0.8873796521454647,
        0.9375369318935709,
        0.9857426245479836,
        1.0521550704095417
      ],
      "damage_means": [
        1.430210007729744,
        1.2361202893998686,
        1.184221028298435,
        1.0835170190451027,
        1.0507165653930668,
        1.0474226983114405,
        1.0000698455546873,
        1.0231284984987012,
        0.9553137345802163,
        0.8697319441640751
      ]
    },
    {
      "tercile": "Mid susceptibility",
      "n": 33558,
      "linear_slope": -0.30550819287173636,
      "linear_p": 2.269905378723744e-05,
      "z_centers": [
        0.4024087126272216,
        0.530839486907339,
        0.6164638400767025,
        0.6822093625915515,
        0.7368084778716127,
        0.7876932884719584,
        0.8392663220487082,
        0.8933099191423698,
        0.9512712387745861,
        1.0275672601403292
      ],
      "damage_means": [
        0.9718704144001671,
        0.8817950514427512,
        0.8665208519947818,
        0.8618177194572989,
        0.8327576261902935,
        0.8019875142877642,
        0.8023329621857583,
        0.8153020936990161,
        0.7584794435755823,
        0.7724862928614539
      ]
    },
    {
      "tercile": "High susceptibility",
      "n": 32572,
      "linear_slope": 0.015539074715656315,
      "linear_p": 0.8012165784768959,
      "z_centers": [
        0.3600733923248428,
        0.44978060995477953,
        0.5264344316955715,
        0.5949070893918238,
        0.6571704883916408,
        0.7167539553139101,
        0.7787450198589422,
        0.8524290526275962,
        0.9446182377996624,
        1.0700281239428253
      ],
      "damage_means": [
        0.7240281210038749,
        0.7097276993602625,
        0.7226181540915689,
        0.7050900769264788,
        0.6948223088167157,
        0.6982337341448835,
        0.6860093390341216,
        0.7051592923154921,
        0.644677178891085,
        0.7952647725249669
      ]
    }
  ]
}