{
  "L1_lensing": {
    "kappa_mu": {
      "rho": -0.07008624235704383,
      "p": 0.06577704300225583
    },
    "kappa_c": {
      "rho": -0.003544807894674584,
      "p": 0.9259464997588646
    },
    "Low \u03ba (underdense)": {
      "n": 345,
      "rank": 2.994120168425574,
      "c_mu_rho": -0.0041472091961876414,
      "c_mu_p": 0.9388210292539703
    },
    "High \u03ba (overdense)": {
      "n": 345,
      "rank": 2.995246071881713,
      "c_mu_rho": -0.015739609695085244,
      "c_mu_p": 0.7708162961866477
    },
    "Low \u03ba + high z": {
      "n": 166,
      "rank": 2.996512577651754,
      "c_mu_rho": -0.06463261866190949,
      "c_mu_p": 0.4080635921950905
    },
    "High \u03ba + high z": {
      "n": 179,
      "rank": 2.990798595070463,
      "c_mu_rho": -0.020308413365974096,
      "c_mu_p": 0.7872892276342958
    }
  },
  "I1_independent": {
    "chi2_mu_z0": {
      "z_range": [
        0.01016,
        0.028136
      ],
      "rho": -0.11243399583828902,
      "p": 0.03796915010108001,
      "n": 341
    },
    "chi2_mu_z1": {
      "z_range": [
        0.028136,
        0.10400600000000006
      ],
      "rho": 0.053163166321455346,
      "p": 0.34467410385928476,
      "n": 318
    },
    "chi2_mu_z2": {
      "z_range": [
        0.10400600000000006,
        0.24398799999999998
      ],
      "rho": -0.1559465912753054,
      "p": 0.00517608970642365,
      "n": 320
    },
    "chi2_mu_z3": {
      "z_range": [
        0.24398799999999998,
        0.38481200000000015
      ],
      "rho": -0.11381450462252304,
      "p": 0.04253924546662685,
      "n": 318
    },
    "chi2_mu_z4": {
      "z_range": [
        0.38481200000000015,
        2.26137
      ],
      "rho": -0.08128882461280575,
      "p": 0.1481005206295977,
      "n": 318
    },
    "chi2_mu_lo": {
      "rho": -0.033304699911262545,
      "p": 0.3486343294079697
    },
    "chi2_mu_hi": {
      "rho": -0.1447518472549048,
      "p": 4.193385388798756e-05
    },
    "c_mu_mwebv_ctrl": {
      "rho": -0.03394726591466911,
      "p": 0.3391036141693119
    },
    "independent_rank_Low-z": {
      "rank": 3.9937361583976507,
      "n": 794
    },
    "independent_rank_High-z": {
      "rank": 3.9845416486930874,
      "n": 795
    },
    "chi2_threshold_trend": {
      "rho": 0.3357843137254902,
      "p": 0.1876141178747958
    },
    "chi2_running": {
      "z_centers": [
        0.02023,
        0.02357,
        0.02805,
        0.03192,
        0.03873,
        0.05469,
        0.10246,
        0.14834,
        0.18375,
        0.21225,
        0.2422,
        0.2686,
        0.30476,
        0.3345,
        0.38092,
        0.45068,
        0.55033
      ],
      "rhos": [
        -0.10819071463033768,
        -0.1109617976855095,
        0.006579438703113571,
        0.016680743084159393,
        0.052620436245883494,
        0.039995358926043424,
        0.026612716693325215,
        -0.12213295019359155,
        -0.17655180259764525,
        -0.17791850846732296,
        -0.17604060638343558,
        -0.08181927085413088,
        -0.11712269989956896,
        -0.10242345430011322,
        -0.10249502930431355,
        -0.14590300908851866,
        -0.10221513336683545
      ]
    }
  }
}