{
  "wiener_r_sq": -0.10037549150667613,
  "sig_prior": 0.840575681555933,
  "sigma_x1_vs_z_rho": 0.8333333333333335,
  "intrinsic_x1_vs_z_rho": -0.9285714285714287,
  "snr_x1_vs_z_rho": -0.9285714285714287,
  "intrinsic_c_vs_z_rho": -0.6666666666666669
}