{
  "MGII": {
    "rest_wav": 2798,
    "n_objects": 604135,
    "z_range": [
      0.0746639221906662,
      4.0
    ],
    "z0_ew": 2.3424863039077715,
    "z0_fwhm": 0.3634788561580866,
    "steepness_ew": 135.5964301948969,
    "r2_ew": 0.3139036656598664,
    "r2_fwhm": 0.23349157032782109
  },
  "CIV": {
    "rest_wav": 1549,
    "n_objects": 386275,
    "z_range": [
      0.08950591087341309,
      4.0
    ],
    "z0_ew": -1.4420922140727899,
    "z0_fwhm": -4.675852666391874,
    "steepness_ew": 15.229544098390178,
    "r2_ew": 0.0,
    "r2_fwhm": -4.440892098500626e-16
  },
  "CIII": {
    "rest_wav": 1909,
    "n_objects": 574300,
    "z_range": [
      0.0746639221906662,
      4.0
    ],
    "z0_ew": 1.427324348696067,
    "z0_fwhm": 2.799144802824585,
    "steepness_ew": 3.1328185172979097,
    "r2_ew": 0.47186379071483264,
    "r2_fwhm": 0.47473563863475454
  },
  "OII": {
    "rest_wav": 3728,
    "n_objects": 346926,
    "z_range": [
      0.05079662427306175,
      4.0
    ],
    "z0_ew": -4.637937558283034,
    "z0_fwhm": 0.7361885389389121,
    "steepness_ew": 6.554483661533727,
    "r2_ew": 1.5432100042289676e-14,
    "r2_fwhm": 0.6225074676943205
  },
  "LYA": {
    "rest_wav": 1216,
    "n_objects": 133683,
    "z_range": [
      0.23536090552806854,
      4.0
    ],
    "z0_ew": 17.245649160405907,
    "z0_fwhm": -3.5694322497043167,
    "steepness_ew": -59.56930942520497,
    "r2_ew": -3.672617765460018e-13,
    "r2_fwhm": -6.661338147750939e-16
  }
}