{
  "test_date": "2026-03-09",
  "standard_tripp_w0wa": {
    "w0": -0.5585091855590565,
    "wa": -1.882636462009169,
    "chi2": 9811.371885642886,
    "k": 6
  },
  "alpha_z_w0wa": {
    "w0": -0.6142398954751678,
    "wa": -1.387232166762633,
    "chi2": 9622.942989818725,
    "k": 7
  },
  "gamma_z_w0wa": {
    "w0": -0.5376565973717073,
    "wa": -1.7538209362856851,
    "chi2": 9792.718759102963,
    "k": 7
  },
  "full_modified_w0wa": {
    "w0": -0.6589326435017678,
    "wa": -0.020161160092167348,
    "chi2": 9277.143646776665,
    "k": 10
  },
  "full_modified_lcdm": {
    "w0": -1.0,
    "wa": 0.0,
    "chi2": 9774.690101115462,
    "k": 8
  },
  "standard_lcdm": {
    "w0": -1.0,
    "wa": 0.0,
    "chi2": 10126.670856173929,
    "k": 4
  },
  "w0_shift": -0.10042345794271135,
  "wa_shift": 1.8624753019170015,
  "aic": {
    "standard_w0wa": 9823.371885642886,
    "modified_lcdm": 9790.690101115462,
    "modified_w0wa": 9297.143646776665
  }
}