{
  "MgII\u2194H\u03b2": {
    "z": [
      0.32499999999999996,
      0.375,
      0.42499999999999993,
      0.475,
      0.5249999999999999,
      0.575,
      0.6249999999999999,
      0.6749999999999999,
      0.7249999999999999,
      0.7749999999999999,
      0.8249999999999998,
      0.8749999999999999,
      0.9249999999999999,
      0.9749999999999999,
      1.025,
      1.0749999999999997,
      1.125,
      1.1749999999999998,
      1.2249999999999996
    ],
    "r": [
      0.7741434411977817,
      0.8154725189044033,
      0.8246325095605727,
      0.8499619533098727,
      0.8533222894942221,
      0.8396704122550576,
      0.834671802104134,
      0.8011327871769863,
      0.8060834419559803,
      0.7913550943971825,
      0.7146828866894785,
      0.6961973430072694,
      0.7252366809551793,
      0.6628376539551918,
      0.428663482321177,
      0.2967326352491649,
      0.10025890529634157,
      0.02336781001929919,
      0.02452572166238844
    ],
    "n": [
      1201,
      2904,
      4140,
      4958,
      5879,
      7279,
      8568,
      10172,
      11762,
      12647,
      13390,
      13611,
      12313,
      11393,
      8802,
      7537,
      6980,
      7966,
      968
    ]
  },
  "MgII\u2194CIII": {
    "z": [
      0.8749999999999999,
      0.9249999999999999,
      0.9749999999999999,
      1.025,
      1.0749999999999997,
      1.125,
      1.1749999999999998,
      1.2249999999999996,
      1.275,
      1.3249999999999997,
      1.3749999999999998,
      1.4249999999999998,
      1.4749999999999996,
      1.525,
      1.5749999999999997,
      1.6249999999999998,
      1.6749999999999998,
      1.7249999999999996,
      1.7749999999999997,
      1.8249999999999997,
      1.8749999999999996,
      1.9249999999999998,
      1.9749999999999996,
      2.0249999999999995,
      2.0749999999999993,
      2.1249999999999996,
      2.1749999999999994,
      2.2249999999999996,
      2.2749999999999995,
      2.3249999999999993,
      2.374999999999999,
      2.4249999999999994
    ],
    "r": [
      0.6767580663014324,
      0.7175979720616843,
      0.7736818786615044,
      0.8208570945537358,
      0.8397888737183481,
      0.8507921188975215,
      0.8533881663220142,
      0.8605832645475469,
      0.8625362470900215,
      0.8663576607274592,
      0.8694593621080837,
      0.8678594290756824,
      0.8632177130592806,
      0.8637567751343447,
      0.8547350412367377,
      0.845849965403433,
      0.839320585646939,
      0.8310393897081175,
      0.8326118180251385,
      0.8370432937921783,
      0.840393195457432,
      0.8263416513856386,
      0.8217905768789383,
      0.8190904452123625,
      0.7963494888044457,
      0.8009903609814261,
      0.7903687181549873,
      0.769315886819668,
      0.7507049289450307,
      0.7124870197931122,
      0.7230569092852398,
      0.7271385458717742
    ],
    "n": [
      5131,
      11832,
      12306,
      14298,
      15059,
      15706,
      16553,
      17412,
      17754,
      18277,
      18131,
      17907,
      18232,
      18378,
      18570,
      18595,
      18908,
      18385,
      18098,
      17282,
      16212,
      16408,
      15625,
      14940,
      14619,
      14871,
      16436,
      16962,
      17410,
      16190,
      15535,
      13809
    ]
  },
  "MgII\u2194CIV": {
    "z": [
      1.2249999999999996,
      1.275,
      1.3249999999999997,
      1.3749999999999998,
      1.4249999999999998,
      1.4749999999999996,
      1.525,
      1.5749999999999997,
      1.6249999999999998,
      1.6749999999999998,
      1.7249999999999996,
      1.7749999999999997,
      1.8249999999999997,
      1.8749999999999996,
      1.9249999999999998,
      1.9749999999999996,
      2.0249999999999995,
      2.0749999999999993,
      2.1249999999999996,
      2.1749999999999994,
      2.2249999999999996,
      2.2749999999999995,
      2.3249999999999993,
      2.374999999999999,
      2.4249999999999994
    ],
    "r": [
      0.0005051581197502746,
      0.03399776174662043,
      0.4457681624003275,
      0.623636558804174,
      0.6313841799674108,
      0.7178421738151964,
      0.7507116724164213,
      0.7595977159320528,
      0.7649092502412291,
      0.7689999211985254,
      0.7711220472294945,
      0.7677709472523682,
      0.7617969872874292,
      0.7659167621191884,
      0.7614107241499912,
      0.7510970183574827,
      0.7410440791939371,
      0.7306726396595624,
      0.7241658079252982,
      0.6941386241788101,
      0.6796316626507382,
      0.6894008302607606,
      0.6737852622511058,
      0.646083332587864,
      0.6645303155128987
    ],
    "n": [
      2748,
      11382,
      14991,
      16178,
      16927,
      17942,
      18140,
      18368,
      18453,
      18799,
      18267,
      17997,
      17174,
      16108,
      16341,
      15561,
      14897,
      14605,
      14842,
      16418,
      16931,
      17392,
      16175,
      15528,
      13793
    ]
  },
  "H\u03b1\u2194H\u03b2": {
    "z": [
      0.32499999999999996,
      0.375,
      0.42499999999999993,
      0.475,
      0.5249999999999999,
      0.575
    ],
    "r": [
      0.9546880938498099,
      0.9339823743210154,
      0.9130444212069231,
      0.9135297111460801,
      0.8395325144214157,
      0.6277627099272906
    ],
    "n": [
      2351,
      3294,
      2913,
      3618,
      4291,
      3166
    ]
  },
  "CIII\u2194CIV": {
    "z": [
      1.2249999999999996,
      1.275,
      1.3249999999999997,
      1.3749999999999998,
      1.4249999999999998,
      1.4749999999999996,
      1.525,
      1.5749999999999997,
      1.6249999999999998,
      1.6749999999999998,
      1.7249999999999996,
      1.7749999999999997,
      1.8249999999999997,
      1.8749999999999996,
      1.9249999999999998,
      1.9749999999999996,
      2.0249999999999995,
      2.0749999999999993,
      2.1249999999999996,
      2.1749999999999994,
      2.2249999999999996,
      2.2749999999999995,
      2.3249999999999993,
      2.374999999999999,
      2.4249999999999994
    ],
    "r": [
      0.011887558338206254,
      0.04956042498463547,
      0.4483671337648229,
      0.616245797623671,
      0.6219936614463253,
      0.7061781278757201,
      0.7315015946652196,
      0.7310725199354168,
      0.7339282134616061,
      0.7416063746985586,
      0.7380637001375803,
      0.7350929890596654,
      0.7354206725699605,
      0.7421968432164412,
      0.7347292205034079,
      0.7264062076084592,
      0.7207637937329057,
      0.7192475395904459,
      0.7163643666181851,
      0.7227077584536593,
      0.7252344309276574,
      0.7237344753937697,
      0.7207915757905468,
      0.7369615704214105,
      0.7362390401393094
    ],
    "n": [
      2753,
      11385,
      14999,
      16174,
      16933,
      17942,
      18143,
      18393,
      18463,
      18814,
      18291,
      18030,
      17207,
      16133,
      16363,
      15601,
      14955,
      14649,
      14879,
      16476,
      17002,
      17566,
      16534,
      15909,
      14165
    ]
  },
  "MgII\u2194LyA": {
    "z": [
      1.8749999999999996,
      1.9249999999999998,
      1.9749999999999996,
      2.0249999999999995,
      2.0749999999999993,
      2.1249999999999996,
      2.1749999999999994,
      2.2249999999999996,
      2.2749999999999995,
      2.3249999999999993,
      2.374999999999999,
      2.4249999999999994
    ],
    "r": [
      -0.02417424351734882,
      0.17959194132013934,
      0.4841229173469836,
      0.6135284042309667,
      0.6087526418451452,
      0.660663117102798,
      0.6577359277944067,
      0.6540948651390522,
      0.6580916371484498,
      0.647451223551852,
      0.6299712970599898,
      0.6451951061812221
    ],
    "n": [
      2027,
      12123,
      13791,
      13412,
      13828,
      14638,
      16219,
      16810,
      17251,
      16056,
      15398,
      13690
    ]
  }
}