{
  "original": {
    "x1_dm": {
      "rho": -0.06157213299194683,
      "p": 0.028473061296105696
    },
    "c_dm": {
      "rho": 0.008155015129569787,
      "p": 0.7719073380583061
    },
    "n": 1266
  },
  "dec_controlled": {
    "x1_dm": {
      "rho": -0.03913658197559583,
      "p": 0.16402168611763474
    },
    "c_dm": {
      "rho": -0.009213314711010315,
      "p": 0.7432889108308489
    },
    "mu_dm": {
      "rho": -0.1101484942458482,
      "p": 8.591703138109741e-05
    }
  },
  "z_binned_dec_ctrl": {
    "z_lt_082": {
      "rho": -0.05317006810642281,
      "p": 0.060824415201924505,
      "n": 1244
    },
    "z_ge_082": {
      "rho": 0.07509881422924902,
      "p": 0.7397738044450592,
      "n": 22
    }
  },
  "permutation_dec_ctrl": {
    "observed_rho": -0.03913658197559583,
    "p_perm": 0.1686,
    "n_perm": 5000
  },
  "verdict": "spatial_confound"
}