{
  "n_total": 960,
  "n_highz": 210,
  "A1_dipole_All_z>0.1": {
    "entanglement": {
      "amplitude": 0.0026254842426875853,
      "ra": 24.38050228165076,
      "dec": 26.67986369047252,
      "r_squared": 0.006826255244232748,
      "offset": -0.0013716004898989657,
      "p_value": 0.2112
    },
    "color": {
      "amplitude": 0.005879466092167404,
      "ra": 205.13190456305878,
      "dec": -38.44738316524766,
      "r_squared": 0.0006446672231592565,
      "offset": 0.0023368499819333447,
      "p_value": 0.8284
    },
    "hubble_resid": {
      "amplitude": 0.015749363747310972,
      "ra": 321.76284626820194,
      "dec": 51.823891072936405,
      "r_squared": 0.0016414224361435137,
      "offset": -0.019492812126499538,
      "p_value": 0.6101
    }
  },
  "A1_dipole_High-z_(z>0.5)": {
    "entanglement": {
      "amplitude": 0.0040972239748745445,
      "ra": 49.32786883633977,
      "dec": 37.21497293551558,
      "r_squared": 0.007988117287877516,
      "offset": -0.004117538439733014,
      "p_value": 0.471
    },
    "color": {
      "amplitude": 0.012778851601422125,
      "ra": 197.76854764195878,
      "dec": -5.051204899897564,
      "r_squared": 0.00990093079831822,
      "offset": 0.0034815698302782883,
      "p_value": 0.8191
    },
    "hubble_resid": {
      "amplitude": 0.027443337309266444,
      "ra": 98.615966793583,
      "dec": -32.540982007117876,
      "r_squared": 0.00809071913757009,
      "offset": -0.05800418229842212,
      "p_value": 0.754
    }
  },
  "A2_quad_All_z>0.1": {
    "r_squared_full": 0.019753840779490717,
    "p_full_model": 0.016,
    "f_stat_quad": 2.5083768456296065,
    "p_quadrupole": 0.028776359815709363
  },
  "A2_quad_High-z_(z>0.5)": {
    "r_squared_full": 0.04459610714038664,
    "p_full_model": 0.3088,
    "f_stat_quad": 1.5403340964689864,
    "p_quadrupole": 0.17884079251610974
  },
  "A3_hemispheres": {
    "CMB_dipole": {
      "n_toward": 252,
      "n_away": 708,
      "mean_ent_toward": -0.002194817070869324,
      "mean_ent_away": 0.000490461651945888,
      "mannwhitney_p": 0.015679518327761554,
      "rho_toward": -0.1489363457144507,
      "rho_away": 0.027636461484730257,
      "rho_diff": -0.17657280719918095
    },
    "CMB_cold_spot": {
      "n_toward": 109,
      "n_away": 851,
      "mean_ent_toward": -0.0029574442766051997,
      "mean_ent_away": 0.0001369146578949306,
      "mannwhitney_p": 0.06081022972612846,
      "rho_toward": -0.2345936428505236,
      "rho_away": 0.008583127993091612,
      "rho_diff": -0.2431767708436152
    },
    "Bulk_flow": {
      "n_toward": 394,
      "n_away": 566,
      "mean_ent_toward": -0.0008065810014166658,
      "mean_ent_away": 0.00019778420896958578,
      "mannwhitney_p": 0.13679818150360623,
      "rho_toward": -0.06770991875916307,
      "rho_away": 0.017454146082308317,
      "rho_diff": -0.08516406484147139
    },
    "Galactic_poles": {
      "n_toward": 252,
      "n_away": 708,
      "mean_ent_toward": -0.002194817070869324,
      "mean_ent_away": 0.000490461651945888,
      "mannwhitney_p": 0.015679518327761554,
      "rho_toward": -0.1489363457144507,
      "rho_away": 0.027636461484730257,
      "rho_diff": -0.17657280719918095
    },
    "Ecliptic_poles": {
      "n_toward": 364,
      "n_away": 596,
      "mean_ent_toward": -0.00024550083655612624,
      "mean_ent_away": -0.00019544420767609216,
      "mannwhitney_p": 0.9131701363154422,
      "rho_toward": -0.010175378793062479,
      "rho_away": -0.018543566629039394,
      "rho_diff": 0.008368187835976915
    },
    "Closure_dipole": {
      "n_toward": 847,
      "n_away": 113,
      "mean_ent_toward": -0.0001165368303486591,
      "mean_ent_away": -0.0009481447520005888,
      "mannwhitney_p": 0.7467611354207421,
      "rho_toward": -0.011210388883648982,
      "rho_away": -0.06919954754141992,
      "rho_diff": 0.05798915865777094
    }
  },
  "A4_z_evolution": [
    {
      "z_range": "0.0-0.3",
      "n": 466,
      "dipole_amp": 0.0015605457060614354,
      "dipole_ra": 39.256820806254694,
      "dipole_dec": -23.83036655448751,
      "dipole_p": 0.8343
    },
    {
      "z_range": "0.3-0.5",
      "n": 284,
      "dipole_amp": 0.0016147610575747281,
      "dipole_ra": 333.3253735210263,
      "dipole_dec": -16.228511321556546,
      "dipole_p": 0.8339
    },
    {
      "z_range": "0.5-0.7",
      "n": 135,
      "dipole_amp": 0.0020581529810950127,
      "dipole_ra": 41.24713739734874,
      "dipole_dec": 33.87773720353439,
      "dipole_p": 0.892
    },
    {
      "z_range": "0.7-1.0",
      "n": 50,
      "dipole_amp": 0.00957113490865485,
      "dipole_ra": 40.73060983711039,
      "dipole_dec": 71.83649001136342,
      "dipole_p": 0.3685
    },
    {
      "z_range": "1.0-2.5",
      "n": 25,
      "note": "too few"
    }
  ],
  "A5_patch_variation": {
    "std_rhos": 0.13519984791520887,
    "expected_std": 0.07603413266383406,
    "p_excess": 0.0098
  },
  "A5_patches": [
    {
      "ra_center": 30.0,
      "dec_center": -60.0,
      "n": 34,
      "mean_entanglement": -0.0011366884945073778,
      "sem_entanglement": 0.0014730198365650088,
      "mean_c_detrended": 0.016251084571777426,
      "local_rho": -0.12941176470588237,
      "local_p": 0.4657296899730241,
      "mean_z": 0.38100970588235294
    },
    {
      "ra_center": 30.0,
      "dec_center": 0.0,
      "n": 441,
      "mean_entanglement": 0.0005285580775716951,
      "sem_entanglement": 0.0006128844214813248,
      "mean_c_detrended": -0.0006844206017140082,
      "local_rho": 0.047484448324784455,
      "local_p": 0.3197826836584773,
      "mean_z": 0.3478402267573696
    },
    {
      "ra_center": 150.0,
      "dec_center": 0.0,
      "n": 74,
      "mean_entanglement": -0.003137891187761802,
      "sem_entanglement": 0.0015426646515919286,
      "mean_c_detrended": 0.0013590280655674616,
      "local_rho": -0.23465383191410583,
      "local_p": 0.0441782593155173,
      "mean_z": 0.44579067567567565
    },
    {
      "ra_center": 150.0,
      "dec_center": 60.0,
      "n": 49,
      "mean_entanglement": 0.0008374323191535961,
      "sem_entanglement": 0.0014866460487102766,
      "mean_c_detrended": -0.006768720896300359,
      "local_rho": 0.12989795918367344,
      "local_p": 0.37368629890471894,
      "mean_z": 0.31466755102040816
    },
    {
      "ra_center": 210.0,
      "dec_center": 60.0,
      "n": 99,
      "mean_entanglement": -0.002567559334347417,
      "sem_entanglement": 0.0015210683636898404,
      "mean_c_detrended": 0.0019749070365658573,
      "local_rho": -0.20431663574520717,
      "local_p": 0.04250324629622302,
      "mean_z": 0.5882592929292929
    },
    {
      "ra_center": 270.0,
      "dec_center": 60.0,
      "n": 30,
      "mean_entanglement": -0.00359119211676094,
      "sem_entanglement": 0.004032629978036547,
      "mean_c_detrended": 0.031223412550737992,
      "local_rho": -0.185761957730812,
      "local_p": 0.3256980819106049,
      "mean_z": 0.326541
    },
    {
      "ra_center": 330.0,
      "dec_center": 0.0,
      "n": 232,
      "mean_entanglement": 0.0008806474811386403,
      "sem_entanglement": 0.0009653293743203908,
      "mean_c_detrended": -0.004331538959689242,
      "local_rho": 0.04136931589943281,
      "local_p": 0.5306699535587762,
      "mean_z": 0.3073976293103448
    }
  ]
}