{
  "test_date": "2026-03-09",
  "models": {
    "constant": {
      "H0": 72.51125135614103,
      "gamma": -0.0469521159224002,
      "chi2_nu": 12.696772682116954,
      "AIC": 20134.384701155373,
      "BIC": 20161.242147631445,
      "beta_params": {
        "beta0": 2.7062129497016967
      }
    },
    "linear": {
      "H0": 83.21738668533652,
      "gamma": -0.045934562607084846,
      "chi2_nu": 12.63423757750363,
      "AIC": 20024.63232276575,
      "BIC": 20056.861258537036,
      "beta_params": {
        "beta0": 2.833966953139585,
        "beta1": -0.5273007194253867
      }
    },
    "step": {
      "H0": 83.20002731569242,
      "gamma": -0.04689653836077058,
      "chi2_nu": 12.708266543616173,
      "AIC": 20131.1859385444,
      "BIC": 20168.7863636109,
      "beta_params": {
        "beta_lo": 2.7459171584436652,
        "beta_hi": 2.676941966772687,
        "z_cut": 0.0998524386417412
      }
    },
    "power": {
      "H0": 61.939394989411916,
      "gamma": -0.04619659755464539,
      "chi2_nu": 12.653594313191913,
      "AIC": 20055.29339209599,
      "BIC": 20087.52232786728,
      "beta_params": {
        "beta0": 2.8269070188987886,
        "gamma": -0.22312953150656695
      }
    },
    "impedance": {
      "H0": 0.0007276652073743676,
      "gamma": -0.04601481962594309,
      "chi2_nu": 12.645117665623486,
      "AIC": 20031.22126468198,
      "BIC": 20068.821689748478,
      "beta_params": {
        "beta_dust": -7.373141905460708,
        "beta_imp": 10.206992597617726,
        "z0": 18.84726336667803
      }
    }
  },
  "alpha_z": {
    "alpha0": 0.15918138458818148,
    "alpha1": -0.06675541747632975,
    "H0": 68.79199600913105
  },
  "both_z": {
    "alpha0": 0.1584279773785302,
    "alpha1": -0.062112716233328966,
    "beta0": 2.8171396450881794,
    "beta1": -0.46572264729546115,
    "H0": 63.74960296566262
  }
}