{
  "A_permutation": {
    "real_hemisphere_asymmetry": 0.06773345090293512,
    "real_patch_variance": 0.0025364959634246384,
    "p_hemisphere": 0.1845,
    "p_patch_variance": 0.495,
    "n_perm": 2000,
    "n_strata": 239,
    "perm_hemi_95": 0.0974542538700952,
    "perm_var_95": 0.007022700493054049
  },
  "B_harmonics": {
    "L=0 (monopole)": {
      "k": 1,
      "ss_res": 10.18506290503589,
      "ll": 2.740860946059028,
      "aic": -3.481721892118056,
      "bic": -3.689962422890001,
      "r_squared": -0.17633527699586726
    },
    "L=0+1 (dipole)": {
      "k": 4,
      "ss_res": 1.8813856034854677,
      "ll": 6.892699596834239,
      "aic": -5.7853991936684785,
      "bic": -6.618361316756259,
      "r_squared": 0.6594534856384933
    },
    "best_aic": "L=0+1 (dipole)",
    "best_bic": "L=0+1 (dipole)",
    "cv_mse_L=0 (monopole)": 0.026474329472719257,
    "cv_mse_L=0+1 (dipole)": 0.056343167124602134
  },
  "C_z_regime": {
    "z<0.03": {
      "r_toward": -0.008652521355745384,
      "p_toward": 0.9054357997688564,
      "r_away": -0.03927195289584483,
      "p_away": 0.5742384564554919,
      "asymmetry": 0.030619431540099443,
      "n_toward": 191,
      "n_away": 207
    },
    "z\u22650.03": {
      "r_toward": -0.054276040599867244,
      "p_toward": 0.3010669939208592,
      "r_away": 0.042237692429407385,
      "p_away": 0.22499248887030207,
      "asymmetry": 0.09651373302927463,
      "n_toward": 365,
      "n_away": 827
    },
    "z<0.18": {
      "r_toward": 0.020571067363435235,
      "p_toward": 0.7113580696875692,
      "r_away": 0.03948855209572898,
      "p_away": 0.39353124063138534,
      "asymmetry": 0.018917484732293748,
      "n_toward": 326,
      "n_away": 469
    },
    "z\u22650.18": {
      "r_toward": -0.1441028309074635,
      "p_toward": 0.028893463807668943,
      "r_away": 0.015356221137142526,
      "p_away": 0.7156890204452822,
      "asymmetry": 0.15945905204460603,
      "n_toward": 230,
      "n_away": 565
    },
    "z<0.34": {
      "r_toward": 0.013688555559753656,
      "p_toward": 0.7851733110353178,
      "r_away": 0.03923140836259719,
      "p_away": 0.26983239835005335,
      "asymmetry": 0.025542852802843533,
      "n_toward": 399,
      "n_away": 793
    },
    "z\u22650.34": {
      "r_toward": -0.2274201650965337,
      "p_toward": 0.004177641826643172,
      "r_away": -0.005318747642399095,
      "p_away": 0.9345350200311786,
      "asymmetry": 0.22210141745413461,
      "n_toward": 157,
      "n_away": 241
    },
    "closure_regime_check": {
      "low_z_asymmetry": 0.018917484732293748,
      "high_z_asymmetry": 0.15945905204460603,
      "ratio": 8.42918884081228,
      "stronger_at_high_z": true
    }
  },
  "D_cmb_dipole": {
    "high_z": {
      "bin_centers": [
        -0.875,
        -0.625,
        -0.375,
        0.375,
        0.875
      ],
      "bin_r": [
        -0.033152340612846505,
        -0.015629198387819076,
        0.2845244524452445,
        -0.05880216493377013,
        -0.23206161704844763
      ],
      "bin_n": [
        234,
        231,
        100,
        119,
        67
      ],
      "trend_rho": -0.6,
      "trend_p": 0.28475697986529375
    },
    "low_z": {
      "bin_centers": [
        -0.875,
        -0.625,
        -0.375,
        -0.125,
        0.125,
        0.375,
        0.625,
        0.875
      ],
      "bin_r": [
        0.06882201715783434,
        0.006795984807379273,
        -0.03216116498514383,
        -0.02040816326530612,
        -0.2908961593172119,
        0.1555160991913103,
        -0.0619010868866165,
        -0.020852871754523994
      ],
      "bin_n": [
        243,
        96,
        82,
        48,
        37,
        93,
        72,
        124
      ],
      "trend_rho": -0.3571428571428572,
      "trend_p": 0.38512064355625636
    },
    "permutation": {
      "bands": [
        {
          "center": -0.875,
          "lo": -0.08349683555418194,
          "hi": 0.1317510870099675,
          "real": -0.033152340612846505,
          "outside": false
        },
        {
          "center": -0.625,
          "lo": -0.041215609727603734,
          "hi": 0.1669635555598824,
          "real": -0.015629198387819076,
          "outside": false
        },
        {
          "center": -0.375,
          "lo": -0.011433543354335433,
          "hi": 0.2915295529552955,
          "real": 0.2845244524452445,
          "outside": false
        }
      ],
      "bins_outside_95": 0,
      "total_bins": 3
    }
  },
  "E_robust": {
    "partial_r": {
      "toward": -0.1441028309074635,
      "away": 0.015356221137142526,
      "diff": 0.15945905204460603
    },
    "r2_toward": 0.030692640109057034,
    "r2_away": 0.0003272300773770054,
    "mi": {
      "toward": 0.41008877300585245,
      "toward_err": 0.06304075487706172,
      "away": 0.16937567905275,
      "away_err": 0.02875420322386968
    },
    "metrics_agree": false
  }
}