{
  "z_deceleration": 0.6323126179796771,
  "dm_at_deceleration": 1188.4005181232799,
  "z0_predicted": 0.7303608861810963,
  "z0_sne_observed": 0.82,
  "z0_qso_observed": 1.05,
  "z_at_774_dm": 0.49685152758555023,
  "z_at_500_dm": 0.38083024411412864,
  "lag_z": 0.18768738202032287,
  "lag_percent": 29.682688069709727,
  "lag_gyr": 1.0418524332228287
}