{
  "z_centers": [
    0.02677524822695036,
    0.06776122222222222,
    0.15760613526570047,
    0.24834876447876444,
    0.3406213978494624,
    0.488468156424581,
    0.6916232323232325,
    1.3801603999999998
  ],
  "condvar": [
    0.7188559884158982,
    0.20970450943779098,
    0.2110603684139479,
    0.10010656457660025,
    0.04828982622790677,
    0.10995388625619419,
    0.05891247599251642,
    0.17827263257925918
  ],
  "leverage_c": [
    0.960854175072117,
    0.9039580582339939,
    0.6837076916314333,
    0.7934652387250284,
    0.7824223899659078,
    0.9880467659636052,
    0.7005506451352307,
    0.9244998176549684
  ],
  "leverage_x1": [
    0.10317155985875545,
    0.07252656691721963,
    0.3994724828882833,
    0.339611416250447,
    0.21314311254777965,
    4.28522045022586e-05,
    0.4389632950649254,
    0.0657346015801452
  ],
  "pc1_color": [
    0.657397262258879,
    0.6865249832044065,
    0.5691778811535677,
    0.5947040463602825,
    0.6273091946762447,
    0.7075337025097052,
    0.5680592606520976,
    0.6854471050111282
  ],
  "pc1_stretch": [
    0.40648691461668085,
    0.14515836956083927,
    0.4705817539437951,
    0.4573281040482092,
    0.32396677297952925,
    0.13465274945240602,
    0.4904947316370394,
    0.1638696192204785
  ],
  "pc3_color": [
    0.7231838832017887,
    0.6752937539911699,
    0.5631641885420385,
    0.612859389851793,
    0.626431360000804,
    0.7066544762389444,
    0.5568961915050455,
    0.6811797604872039
  ],
  "pc3_stretch": [
    0.1037307763965627,
    0.23597460819907679,
    0.37434456236121827,
    0.27439479795274435,
    0.33034958108079815,
    0.1430887574035532,
    0.3621308675317648,
    0.1998674092034649
  ]
}