{
  "test1_two_phase": {
    "f_void": 0.75,
    "delta_void": 0.35,
    "delta_fil": 10,
    "z0": 0.4097165503237946,
    "k": 4.627456496197038,
    "r_sq": 0.99058073541783,
    "C_avg": [
      0.013217392791053016,
      0.04232847355138463,
      0.07253870786694622,
      0.09795746754573663,
      0.12964419662103827,
      0.15608675047168996,
      0.1843372238019406,
      0.21322897619700262,
      0.24030382676644535,
      0.26732530756520906,
      0.2964289923865498,
      0.3229908520397573,
      0.3494022658878712,
      0.37413402687928804,
      0.3994046794431135,
      0.4222019055479809,
      0.4473140766545644,
      0.47248005312966657,
      0.4955665937428022,
      0.515482207138074,
      0.5375040728472047,
      0.5576357349166228,
      0.5791347271694419,
      0.598892716689337,
      0.619216488991608,
      0.6365843836156578,
      0.6559251085584897,
      0.6734381443167939,
      0.6910872425392598,
      0.7049848273439576,
      0.7202647718695805,
      0.7361674510652942,
      0.7503749706529168,
      0.7644428106696431,
      0.7766545587344423,
      0.7889599363433437,
      0.8016347886300053,
      0.8127105986697596,
      0.8222455101539046,
      0.8333473258012755,
      0.8446750171535155,
      0.8539352847835748,
      0.8623154587099489,
      0.8707710875198752,
      0.8794117694750375,
      0.887349690099177,
      0.8936360234912832,
      0.9008402704150141,
      0.9068901229398082,
      0.9127613650159339,
      0.9183235923182803,
      0.9253374376083102,
      0.9294277450817601,
      0.9354476743227521,
      0.9387475551727847,
      0.9429481657861607,
      0.9471488363813121,
      0.951323637137926,
      0.9546127512479334,
      0.9581135852787948,
      0.9611073353374752,
      0.9637801287367368,
      0.9669692859138688,
      0.9692447895984871,
      0.9715344965634649,
      0.9737828519335305,
      0.9757190447116076,
      0.9779562678773149,
      0.979820143763882,
      0.9813206974279447,
      0.9827309175449188,
      0.9840510567841655,
      0.985531866356106,
      0.9864355013421002,
      0.9876619877427358,
      0.9887050248941138,
      0.989653297777759,
      0.9905956827479868,
      0.9915185000752568,
      0.9921488683475889,
      0.9926894574748296,
      0.993458873662702,
      0.9940226537763788,
      0.9945518882120432,
      0.9949254190204738,
      0.9955020722392169,
      0.9959525538359417,
      0.9962388076629229,
      0.9966173466186347,
      0.9969673525491841,
      0.9972533131332718,
      0.9974478868137385,
      0.9977140468098838,
      0.9979496136313423,
      0.9981236362576151,
      0.9983180566632848,
      0.9984915823063942,
      0.9986262165778306,
      0.9987603870399114,
      0.9989028331297054
    ]
  },
  "test2_host_matched": {
    "Low mass": {
      "z_centers": [
        0.03218928571428572,
        0.1545972,
        0.288401953125,
        0.5011248529411766,
        0.6881674545454547
      ],
      "betas": [
        1.3599521847967448,
        2.6577150480795133,
        2.5195857236840675,
        2.198635781347365,
        1.1415529817830956
      ],
      "beta_errs": [
        0.9019539213522467,
        0.9301633504392345,
        0.5998857328187387,
        0.5428060780145508,
        0.3505712149517962
      ],
      "z0": 0.4579644204367041,
      "k": 2.6547462452743567,
      "r_sq": 0.10582908683749348
    },
    "Mid mass": {
      "z_centers": [
        0.03678544943820225,
        0.1525804347826087,
        0.28975841269841274,
        0.49165584905660376,
        0.6943691666666667,
        1.2184009090909091,
        1.80487
      ],
      "betas": [
        2.5717479799168843,
        1.4195025514113793,
        2.9123068966292163,
        2.7139172891878465,
        1.7196787442756576,
        3.031817797550543,
        2.392421178287195
      ],
      "beta_errs": [
        0.9494707166758585,
        0.6694611447893637,
        0.4746555669766217,
        0.5515672579321577,
        0.7544590798665135,
        1.06498618851611,
        5.1561522860483295
      ],
      "z0": 2.999999999989817,
      "k": 0.14344635132714734,
      "r_sq": -0.031373779622685394
    },
    "High mass": {
      "z_centers": [
        0.03279856209150327,
        0.16703400000000002,
        0.2840465968586387,
        0.4707163793103449,
        0.6978315
      ],
      "betas": [
        2.0511488570333585,
        3.245396224124991,
        1.694505919120387,
        2.2495305926238176,
        0.5675505202376128
      ],
      "beta_errs": [
        0.8444347423096421,
        0.5624154769074813,
        0.48079055728542563,
        0.5760256570160713,
        0.9315901611177593
      ],
      "z0": 0.3764180585398846,
      "k": 4.319280669329757,
      "r_sq": 0.4748685899725932
    }
  },
  "test3_sigma8_retrodiction": {
    "sigma8_TT": 0.812,
    "sigma8_EE": 0.796,
    "sigma8_lens": 0.811,
    "S8_planck": 0.834,
    "S8_DES": 0.776,
    "S8_KiDS": 0.766,
    "TT_EE_sigma": 0.8237251677301602,
    "S8_DES_sigma": 2.4844470338930895,
    "S8_KiDS_sigma": 2.654953952106301
  }
}