{
  "critical_fluctuations": {
    "quasar_variance_peak_z": 1.6999999999999997,
    "known_z0": 1.05
  },
  "order_parameters": {
    "z": [
      0.35,
      0.45,
      0.55,
      0.6500000000000001,
      0.7500000000000002,
      0.8500000000000002,
      0.9500000000000002,
      1.0500000000000003,
      1.1500000000000004,
      1.2500000000000004
    ],
    "correlation": [
      0.8049894393649178,
      0.8359061458846669,
      0.845991363442719,
      0.816455393425319,
      0.7973373596119634,
      0.7052621327701069,
      0.6836053608688833,
      0.3626482337677003,
      -0.029833239229352847,
      0.020362192373186747
    ],
    "pc1_fraction": [
      0.49047171717415117,
      0.4948070403004249,
      0.4781828930935614,
      0.4907672355405132,
      0.48280878058504106,
      0.47146309491109095,
      0.4174629007506598,
      0.39967494706166506,
      0.29043302819136985,
      0.3456350817794942
    ],
    "effective_dim": [
      2.6361777635682118,
      2.593135905564453,
      2.6984074868143115,
      2.654773676745771,
      2.731064200501846,
      2.8558372084956702,
      3.3081354022880602,
      3.431691127206363,
      3.933936804809904,
      3.696204249284963
    ],
    "mi_proxy": [
      0.5220734118907389,
      0.5998892807824143,
      0.6288650695277938,
      0.5492052686905733,
      0.5049531136541225,
      0.3439750304258161,
      0.3149137222402524,
      0.07050175774061122,
      0.00044520923390261414,
      0.00020735242820802332
    ]
  },
  "lattice_coherence": {
    "rho_dz_covdist": 0.7081052773372122
  }
}