{
  "sn_ia": {
    "color_mi_profile": [
      [
        13.416666666666666,
        0.09064988724320955,
        0.04857184257114905
      ],
      [
        38.25,
        0.5296908787073518,
        0.10781053754068966
      ],
      [
        63.08333333333333,
        0.4655485141325024,
        0.08104825948466188
      ]
    ],
    "stretch_mi_profile": [
      [
        13.416666666666666,
        0.3395779078424268,
        0.03151917520304731
      ],
      [
        38.25,
        0.22046554772167548,
        0.1377295302281853
      ],
      [
        63.08333333333333,
        0.09521011061894535,
        0.06807779665268261
      ]
    ],
    "color_Gamma0": 5.400396042331121e-17,
    "stretch_Gamma0": 2.4123819473237496
  },
  "quasars": {
    "[SII] ratio": {
      "q": 0.0,
      "decay_frac": 0.5258318561266705,
      "rho_mi_z": 0.2790404591875126,
      "Gamma0": 1.3349402556680004e-13,
      "Gamma0_err": 8237.045260639221
    },
    "[NII] EW": {
      "q": 0.2,
      "decay_frac": 0.0,
      "rho_mi_z": 0.0,
      "Gamma0": 9.57047968723853e-22,
      "Gamma0_err": 23.675518020140252
    },
    "H\u03b2 EW": {
      "q": 0.35,
      "decay_frac": 0.0,
      "rho_mi_z": 0.0,
      "Gamma0": 0.4819985323576641,
      "Gamma0_err": 8.547082729173248
    },
    "[OII] EW": {
      "q": 0.45,
      "decay_frac": -0.18120100282605148,
      "rho_mi_z": 0.46355253465055324,
      "Gamma0": 3.793516463617189e-19,
      "Gamma0_err": 2.373683891767886
    },
    "[OIII] EW": {
      "q": 0.85,
      "decay_frac": 0.0,
      "rho_mi_z": 0.0,
      "Gamma0": 5.549182753511289e-13,
      "Gamma0_err": 0.8761233809123643
    }
  },
  "ladder": {
    "rho": -0.44721359549995787,
    "p": 0.45018485575210104
  },
  "global_Gamma0": {
    "weighted_mean": 4.240268728991751e-05,
    "weighted_err": 0.08016628165118476,
    "tension_sigma": 4.133114588419029
  }
}