{
  "test_date": "2026-03-09",
  "slopes": {
    "alpha1": -0.0321,
    "beta1": -0.615,
    "gamma1": -0.0701
  },
  "ratios": {
    "beta_over_alpha": 19.1588785046729,
    "gamma_over_alpha": 2.1838006230529596,
    "predicted_3_alpha": 7.5908203805281405,
    "predicted_4_alpha": 12.90626814755402
  },
  "dZg_dz": {
    "from_alpha": 1.5735294117647056,
    "from_beta": 3.9715152397575095,
    "from_gamma": 0.2662484980567492,
    "mean": 1.9370977165263212,
    "CV": 0.7920917473451263
  },
  "implied_N": {
    "beta": 4.955089870584191,
    "gamma": 1.5270571005205948
  },
  "c2_z_evolution": {
    "delta0": 3.5123029522875995,
    "delta1": 1.9720862550527256,
    "dchi2": 10.190430201261734,
    "p_value": 0.0014117137603603114
  }
}