{
  "box_m_2": {
    "M": 37.90385293192892,
    "df": 6,
    "p": 1.173038311375052e-06,
    "sigma": 7.350927496295932e-07
  },
  "box_m_3": {
    "M": 54.45431896843063,
    "df": 12,
    "p": 2.2666211663135982e-07,
    "sigma": 1.4203941758396963e-07
  },
  "box_m_4": {
    "M": 58.40495806524707,
    "df": 18,
    "p": 3.694432730960706e-06,
    "sigma": 2.315142385539153e-06
  },
  "rolling_c": {
    "rho": -0.7846016354618168,
    "p": 3.1181055051287693e-30
  },
  "rolling_x1": {
    "rho": 0.4377943607846641,
    "p": 7.067303444232237e-08
  },
  "perbin_alpha": {
    "rho": -0.8857142857142858,
    "p": 0.01884548104956266,
    "values": [
      0.14607350563280969,
      0.13015977579484272,
      0.13695537427427817,
      0.12794612833801108,
      0.10960021898421393,
      0.11930379783220249
    ]
  },
  "perbin_beta": {
    "rho": -0.7142857142857143,
    "p": 0.11078717201166179,
    "values": [
      2.7265045366324934,
      2.853268264274904,
      3.120735561661073,
      2.5624103542351104,
      2.6753055183652226,
      1.7137064669395203
    ]
  },
  "interaction_zx1": {
    "dchi2": 165.52056096680462,
    "p": 0.0
  },
  "interaction_zc": {
    "dchi2": 129.64471055749163,
    "p": 0.0
  },
  "interaction_both": {
    "dchi2": 268.6956194147933,
    "p": 0.0
  },
  "procrustes": {
    "angle": 110.60071132330891,
    "boot_std": 13.899156636251517,
    "null_mean": 122.21490937599879,
    "null_std": 64.77909345376808,
    "sigma": -0.17928929587411963
  },
  "grassmannian": {
    "angle": 73.42577333855269,
    "sigma": 3.0737606624110567,
    "null_mean": 24.90831927852164,
    "null_std": 15.784395529993535
  }
}