{
  "test_date": "2026-03-09",
  "models": {
    "1. Standard Tripp": {
      "k": 4,
      "chi2": 19948.08520414796,
      "rms": 0.1662374312735241,
      "rho_z": -0.1990827405464757,
      "p_value": 1.124221366428239e-15
    },
    "2. Linear z-evolution": {
      "k": 8,
      "chi2": 19282.739510642812,
      "rms": 0.1617403533756672,
      "rho_z": -0.16437461140437976,
      "p_value": 4.27695862881492e-11
    },
    "3. Exp impedance (per-k)": {
      "k": 8,
      "chi2": 19383.984565276754,
      "rms": 0.16215369622420556,
      "rho_z": -0.2054201129942569,
      "p_value": 1.3060370792351106e-16
    },
    "4. Single k + c\u00b2": {
      "k": 6,
      "chi2": 19379.137003717937,
      "rms": 0.16288348553008045,
      "rho_z": -0.1385312356177356,
      "p_value": 2.9173925128303233e-08
    },
    "5. Rotation + impedance": {
      "k": 7,
      "chi2": 19357.37982625388,
      "rms": 0.16278277436203628,
      "rho_z": -0.13538025828098685,
      "p_value": 5.993978770684422e-08
    },
    "6. Per-channel + k_\u03bc": {
      "k": 8,
      "chi2": 18960.266884263412,
      "rms": 0.1611421105831402,
      "rho_z": -0.12743636705691247,
      "p_value": 3.42711983220032e-07
    }
  }
}