{
  "K2_salt3": {
    "chi2_z_trend": {
      "rho": -0.005267654648808134,
      "p": 0.8223114773745531
    },
    "Good fits (\u03c7\u00b2<median)": {
      "rho": 0.036588123555785605,
      "p": 0.42922555214596836,
      "n": 469
    },
    "Bad fits (\u03c7\u00b2\u2265median)": {
      "rho": -0.0918942852147906,
      "p": 0.053807270950854774,
      "n": 441
    },
    "raw": {
      "rho": -0.02628590414317312,
      "p": 0.42836478566258007
    },
    "chi2_controlled": {
      "rho": -0.02590266022899078,
      "p": 0.4351307969218784,
      "survival": 98.54201737899179
    }
  },
  "M4_sigmoid": {
    "M0_baseline": {
      "coef": [
        0.002957102114245017,
        -0.005250151447057782
      ],
      "ss_res": 37.33052152237437,
      "k": 2,
      "ll": 726.4717674765743,
      "aic": -1448.9435349531486,
      "bic": -1438.2005563627201,
      "r_squared": 0.001176871660598211
    },
    "M1_color": {
      "coef": [
        0.0032350430925540837,
        -0.005124373318683551,
        0.013396323787809916
      ],
      "ss_res": 37.32839918209196,
      "k": 3,
      "ll": 726.516966643909,
      "aic": -1447.033933287818,
      "bic": -1430.919465402175,
      "r_squared": 0.0012336574346466511
    },
    "M2_accumulation": {
      "coef": [
        0.0011169610339774626,
        -0.005771936861686852,
        -0.23532962208736774
      ],
      "ss_res": 37.240917729792486,
      "k": 3,
      "ll": 728.3822857688347,
      "aic": -1450.7645715376693,
      "bic": -1434.6501036520265,
      "r_squared": 0.003574329203859916
    },
    "M3_sigmoid": {
      "coef": [
        0.0019339264485866536,
        -0.005517546019270653,
        -0.9648354002632841
      ],
      "ss_res": 37.035014400559724,
      "k": 4,
      "ll": 732.7900006600887,
      "aic": -1457.5800013201774,
      "bic": -1436.0940441393202,
      "r_squared": 0.00908352112116273,
      "z0": 0.8326530612244898
    },
    "M4_step": {
      "coef": [
        0.0023591136981228676,
        -0.005272673020240162,
        -1.0242322993082438
      ],
      "ss_res": 36.98931543025489,
      "k": 4,
      "ll": 733.7715883648568,
      "aic": -1459.5431767297137,
      "bic": -1438.0572195488564,
      "r_squared": 0.010306252190012355,
      "z0": 0.7918367346938775
    },
    "M5_accum_sigmoid": {
      "coef": [
        0.0021395122171023405,
        -0.005449631240729513,
        -0.5798484474809862
      ],
      "ss_res": 37.113683621751434,
      "k": 4,
      "ll": 731.1030646522474,
      "aic": -1454.2061293044949,
      "bic": -1432.7201721236377,
      "r_squared": 0.006978631223826803,
      "z0": 0.7510204081632652
    },
    "best_aic": "M4_step",
    "best_bic": "M0_baseline"
  },
  "P1_combined": {
    "z_ge_0.3": {
      "n": 1911,
      "rho": -0.006585133342293949,
      "p": 0.773588809600114,
      "rank": 2.996497143011763,
      "n_pantheon": 494,
      "n_des": 1417
    },
    "z_ge_0.5": {
      "n": 1072,
      "rho": -0.05378914364051605,
      "p": 0.07834809640485665,
      "rank": 2.9959279074592575,
      "n_pantheon": 210,
      "n_des": 862
    },
    "z_ge_0.7": {
      "n": 332,
      "rho": -0.09452938455679884,
      "p": 0.08547534378703964,
      "rank": 2.996876536050509,
      "n_pantheon": 75,
      "n_des": 257
    },
    "z_ge_0.82": {
      "n": 136,
      "rho": -0.1791164045527842,
      "p": 0.03693676610345081,
      "rank": 2.988552735686676,
      "n_pantheon": 30,
      "n_des": 106
    },
    "z_ge_1.0": {
      "n": 42,
      "rho": -0.23993193420306297,
      "p": 0.12590186560545183,
      "rank": 2.976829645437087,
      "n_pantheon": 25,
      "n_des": 17
    },
    "signal_survival": {
      "raw": {
        "rho": -0.00945975950020435,
        "p": 0.6962915787412284
      },
      "controlled": {
        "rho": -0.012392226451087044,
        "p": 0.6091131499513716
      },
      "survival_pct": 130.99938165256046
    }
  },
  "A2b_des_within": {
    "bins": [
      {
        "z_lo": 0.02509,
        "z_hi": 0.17866749999999998,
        "z_med": 0.04287,
        "n": 228,
        "rho": -0.13052269218140006,
        "p": 0.04901676514548059,
        "rank": 2.9980455140713196,
        "entangling": 1
      },
      {
        "z_lo": 0.17866749999999998,
        "z_hi": 0.324525,
        "z_med": 0.269985,
        "n": 230,
        "rho": -0.004254873218046992,
        "p": 0.9488292435039899,
        "rank": 2.9996822565891,
        "entangling": 0
      },
      {
        "z_lo": 0.324525,
        "z_hi": 0.39840125,
        "z_med": 0.355225,
        "n": 230,
        "rho": 0.03465736657668804,
        "p": 0.6010449610853585,
        "rank": 2.995493930430878,
        "entangling": 0
      },
      {
        "z_lo": 0.39840125,
        "z_hi": 0.479345,
        "z_med": 0.44372,
        "n": 230,
        "rho": 0.09135160099067181,
        "p": 0.16735398875814883,
        "rank": 2.9616230891394904,
        "entangling": 2
      },
      {
        "z_lo": 0.479345,
        "z_hi": 0.55648375,
        "z_med": 0.5250349999999999,
        "n": 228,
        "rho": 0.06952386424597336,
        "p": 0.29589233149131705,
        "rank": 2.987465143167679,
        "entangling": 1
      },
      {
        "z_lo": 0.55648375,
        "z_hi": 0.6268874999999999,
        "z_med": 0.59349,
        "n": 233,
        "rho": -0.06056589963964229,
        "p": 0.3573786417298167,
        "rank": 2.989894026827891,
        "entangling": 1
      },
      {
        "z_lo": 0.6268874999999999,
        "z_hi": 0.72361375,
        "z_med": 0.66487,
        "n": 229,
        "rho": -0.033306003229686236,
        "p": 0.6160950321244891,
        "rank": 2.9888063222702055,
        "entangling": 1
      },
      {
        "z_lo": 0.72361375,
        "z_hi": 1.14418,
        "z_med": 0.814405,
        "n": 228,
        "rho": -0.029876708018824635,
        "p": 0.6536127010451187,
        "rank": 2.997364672315889,
        "entangling": 0
      }
    ],
    "coupling_trend": {
      "rho": -0.3571428571428572,
      "p": 0.38512064355625636
    },
    "rank_trend": {
      "rho": -0.4047619047619048,
      "p": 0.3198886412288162
    }
  }
}