{
  "S1_circular (OIII_EW+HB_FWHM+Ledd)": {
    "slopes": [
      -1.2003645990915697,
      -0.7132434232018507,
      -0.5636377242669995,
      -0.40822934963703533,
      -0.3285790894672307,
      -0.2564534955489212,
      -0.21058530953457183,
      -0.17353791482432449,
      -0.03534100389008282,
      0.24561008325779224
    ],
    "rho_decile": 0.9999999999999999,
    "p_decile": 6.64689742203186e-64,
    "rho_interaction": 0.040504714288507916,
    "p_interaction": 4.008933903907197e-37,
    "sign_inversion": 