{
  "real_delta_nii_sii": -0.43119168959504206,
  "shuffle_p": 0.0,
  "shuffle_sigma": 15.17108882558238
}