{
  "Gamma_Sigma_m2": 2.4884799711706862e-27,
  "Sigma_sat_m2": 4.599834551048661e+25,
  "Gamma_over_Thomson": 37.4095004685912,
  "z_at_Sigma_sat": 0.7755511022044088,
  "observables": {
    "H0_apparent": 71.74315799546686,
    "beta_ratio": 0.9245630294743237,
    "Ode_apparent": 0.73533203125,
    "w_mean": -1.1263735844069493
  },
  "targets": {
    "H0": 67.4,
    "beta_ratio": 0.56,
    "Ode": 0.685,
    "w": -0.727
  },
  "score": 0,
  "cost": 23.488692854117772
}