{
  "z_centers": [
    0.02677524822695036,
    0.06776122222222222,
    0.12825399999999998,
    0.17805639344262295,
    0.24834876447876444,
    0.3406213978494624,
    0.4652592142857143,
    0.615135376344086,
    0.7498348936170214,
    1.2292100000000001
  ],
  "R2_color": [
    0.07879259240834124,
    0.29548301717623493,
    0.3690372756571746,
    0.3710543133386246,
    0.2300827938338268,
    0.4065852757074301,
    0.36393562392960654,
    0.27922892720582093,
    0.2119845513599542,
    0.5322620382188754
  ],
  "R2_stretch": [
    0.008460341719880193,
    0.02370726011337443,
    0.05238370420611027,
    0.17883646206561,
    0.09847784081168065,
    0.11075967698745792,
    0.0006488280592932272,
    0.14184187901645828,
    0.11001041507974318,
    0.09592437404618814
  ],
  "R2_total": [
    0.08200265394322448,
    0.32687691036628574,
    0.4198131624613177,
    0.4811591340746967,
    0.289972115481118,
    0.5196493363707883,
    0.3658868999572681,
    0.3760633752119963,
    0.32074358813645076,
    0.5804728524332714
  ],
  "cond_var": [
    0.7188559884158982,
    0.20970450943779098,
    0.08821341750516042,
    0.07106471992516224,
    0.10010656457660025,
    0.04828982622790677,
    0.06918388643808862,
    0.061473458009002106,
    0.026327914786271535,
    0.07688412084071078
  ],
  "fisher_info": [
    1.3878105627311799,
    4.715630062224508,
    11.202777559999138,
    13.956338387500654,
    9.950785948475577,
    20.596960759804595,
    14.350988271606152,
    16.09226719738288,
    37.17436083337944,
    12.283998751850918
  ],
  "ellipse_angle": [
    90.6008700218089,
    89.78075123310285,
    90.02870127590464,
    90.76523814236003,
    90.77962821166078,
    89.97221715794252,
    89.32181154685543,
    90.80937930643192,
    90.02173458468711,
    90.75408022842491
  ],
  "fisher_vs_z_rho": 0.7333333333333332,
  "fisher_vs_z_p": 0.015800596250571577,
  "condvar_vs_z_rho": -0.7333333333333332,
  "condvar_vs_z_p": 0.015800596250571577
}