{
  "z=[0.5,0.8)": {
    "low_b": 0.8056808476351611,
    "high_b": 0.8254699767437341,
    "delta": 0.019789129108573
  },
  "z=[0.8,1.0)": {
    "low_b": 0.7036455749013775,
    "high_b": 0.6869029410273712,
    "delta": -0.01674263387400632
  },
  "z=[1.0,1.2)": {
    "low_b": 0.10080623373976777,
    "high_b": 0.11120685556385691,
    "delta": 0.010400621824089143
  },
  "z=[1.2,1.5)": {
    "low_b": 0.12796479693031415,
    "high_b": 0.05271136598778729,
    "delta": -0.07525343094252686
  }
}