{
  "z=[0.5,0.7)": {
    "low_rm": 0.8260452277058449,
    "high_rm": 0.828771660832569,
    "delta": 0.0027264331267241593
  },
  "z=[0.7,0.85)": {
    "low_rm": 0.7688945902382563,
    "high_rm": 0.7720796317760502,
    "delta": 0.0031850415377938646
  },
  "z=[0.85,0.95)": {
    "low_rm": 0.6976331121535185,
    "high_rm": 0.7232940629329322,
    "delta": 0.02566095077941366
  },
  "z=[0.95,1.05)": {
    "low_rm": 0.543801324834074,
    "high_rm": 0.5578587958955488,
    "delta": 0.014057471061474813
  },
  "z=[1.05,1.2)": {
    "low_rm": 0.009168336444949276,
    "high_rm": 0.04010581527760621,
    "delta": 0.030937478832656934
  }
}