{
  "systems": {
    "Q0957+561": {
      "z_source": 1.41,
      "z_lens": 0.36,
      "n_images": 2
    },
    "HE1104-1805": {
      "z_source": 2.32,
      "z_lens": 0.73,
      "n_images": 2
    },
    "SDSS1004+4112": {
      "z_source": 1.734,
      "z_lens": 0.68,
      "n_images": 5
    },
    "HE0435-1223": {
      "z_source": 1.689,
      "z_lens": 0.46,
      "n_images": 4
    },
    "RXJ1131-1231": {
      "z_source": 0.658,
      "z_lens": 0.295,
      "n_images": 4
    },
    "QSO2237+0305": {
      "z_source": 1.695,
      "z_lens": 0.039,
      "n_images": 4
    },
    "SDSS1206+4332": {
      "z_source": 1.789,
      "z_lens": 0.745,
      "n_images": 2
    },
    "WFI2033-4723": {
      "z_source": 1.662,
      "z_lens": 0.661,
      "n_images": 4
    }
  },
  "predictions": {
    "[NII] 6583": [
      0.0,
      0.0,
      0.0,
      0.0,
      0.0
    ],
    "[OIII] 5007": [
      0.0,
      0.0,
      0.0,
      0.0,
      0.0
    ],
    "H\u03b2 4861": [
      0.005156407271267938,
      0.0729461159883074,
      0.2710095609624891,
      0.3035473874631789,
      0.30425900893804186
    ],
    "[OII] 3727": [
      0.00785179700134067,
      0.11107696980568453,
      0.41267338791427144,
      0.4622195922980531,
      0.463303197038422
    ],
    "CIV 1549": [
      0.015224150319724947,
      0.2153713965214012,
      0.80014825771531,
      0.8962152934756222,
      0.898316336262608
    ],
    "MgII 2796": [
      0.009065258146057366,
      0.12824343334378327,
      0.47645026874894725,
      0.5336536239579024,
      0.534904695107355
    ],
    "[SII] 6716": [
      0.010236027977521425,
      0.1448059559353295,
      0.5379833869301226,
      0.6025745033542722,
      0.6039871492029992
    ],
    "Ly\u03b1 1216": [
      0.020619267404227967,
      0.291694467200782,
      1.083703887729162,
      1.2138150504195997,
      1.2166606583611117
    ]
  },
  "model": {
    "DM_0": 600,
    "sigma_DM": 200,
    "formula": "D(line, DM) = P(line) \u00d7 \u03a8(DM) \u00d7 C(\u03bb)",
    "Psi": "0.5 \u00d7 [1 + erf((DM - 600) / 200)]",
    "C": "(500/\u03bb)^0.5"
  }
}