{
  "test_date": "2026-03-09",
  "models": {
    "Standard Tripp": {
      "chi2": 19948.08520414796,
      "rms": 0.1662374312735241,
      "rho_z": -0.1990827405464757,
      "p_value": 1.124221366428239e-15,
      "k": 4
    },
    "Linear z-evolution": {
      "chi2": 19282.739510642812,
      "rms": 0.1617403533756672,
      "rho_z": -0.16437461140437976,
      "p_value": 4.27695862881492e-11,
      "k": 8
    },
    "M1 [ln(1+z)]": {
      "chi2": 19389.62971721345,
      "rms": 0.1628553358602019,
      "rho_z": -0.14153636987997564,
      "p_value": 1.445995938510195e-08,
      "k": 7
    },
    "M1 [Z_g integral]": {
      "chi2": 19524.45273045917,
      "rms": 0.1634660919608768,
      "rho_z": -0.1741427045862394,
      "p_value": 2.711235318228601e-12,
      "k": 7
    },
    "M1 [z/(1+z/0.5)]": {
      "chi2": 19339.723617220894,
      "rms": 0.1626273659328972,
      "rho_z": -0.13460570045524817,
      "p_value": 7.136870459211803e-08,
      "k": 7
    },
    "M1-SAT [ln(1+z)]": {
      "chi2": 19224.8352562996,
      "rms": 0.16157210230091237,
      "rho_z": -0.1595778972113677,
      "p_value": 1.562125817339394e-10,
      "k": 11
    },
    "M1-SAT [Z_g]": {
      "chi2": 19282.38479632731,
      "rms": 0.16190325329582886,
      "rho_z": -0.17467835364255968,
      "p_value": 2.3197029935542007e-12,
      "k": 11
    }
  }
}