{
  "n_mocks": 100000,
  "n_valid": 100000,
  "conventional_models": [
    "Baldwin Effect (beta=-0.15 to -0.25)",
    "Metallicity gradient (dZ/dz=-0.05 to -0.15)",
    "Dust evolution (tau=0.02-0.08)",
    "Progenitor drift (d_beta/dz=-0.1 to -0.5)",
    "Scatter broadening (tau \u221d DM^2)"
  ],
  "results": {
    "gamma0_recovery_pct": 0.0,
    "rho_cross_above_0.9_pct": 0.0,
    "beta_drop_above_44_pct": 0.0,
    "ladder_rho_above_0.95_pct": 9.738,
    "joint_pass_pct": 0.0
  },
  "mock_distributions": {
    "gamma0_mean": 1.0097487228023254,
    "gamma0_std": 0.058404265658123844,
    "rho_cross_mean": 0.6223977429723017,
    "rho_cross_std": 0.06442041184687805,
    "beta_drop_mean": 9.79549110784518,
    "beta_drop_std": 3.8318307008461368
  },
  "z_scores": {
    "gamma0": -8.162909291472467,
    "rho_cross": 4.588642769473755,
    "beta_drop": 8.926414438039199
  },
  "verdict": "NULL REJECTED"
}