{
  "test_date": "2026-03-09",
  "eigenvector_rotation": {
    "PC1_total_degrees": 5.86398868334708,
    "PC2_total_degrees": 9.861451430208723
  },
  "quadratic_color": {
    "delta": 2.044860961025604,
    "dchi2": 338.7092275938885,
    "p_value": 0.0
  },
  "w_bias": {
    "w_constant_gamma": -0.838381675348596,
    "w_gamma_z": -0.8014828679612667,
    "delta_w": 0.03689880738732931
  },
  "full_modified_tripp": {
    "alpha0": 0.1484379936667729,
    "alpha1": -0.032105921373439664,
    "beta0": 3.1083377170608015,
    "beta1": -0.6148961142632918,
    "delta_c2": 3.6384288644076017,
    "gamma0": -0.027744432028427243,
    "gamma1": -0.07006259597402201,
    "dchi2_vs_standard": 600.8552921490127
  }
}