{
  "Gamma_Sigma": 1.5117424191526136e-26,
  "Sigma_sat": 9.345631691402165e+25,
  "Gamma_over_Thomson": 227.26133781608743,
  "z_at_Sigma_sat": 1.3226452905811623,
  "beta_low": 3.063900715959872,
  "beta_high": 1.6440646736277438,
  "H0_apparent": 74.48019372938043,
  "Om_apparent": 0.2437749816688639,
  "Ode_apparent": 0.7562250183311361,
  "w_fit": -0.648317806506381,
  "delta_chi2": 0.032585211255512864,
  "score": 1
}