{
  "test1_mass_sigmoid": {
    "LOW mass": {
      "N": 50459,
      "mean_logMBH": 7.818514111533899,
      "z_centers": [
        0.375,
        0.5249999999999999,
        0.6749999999999998,
        0.825,
        0.9749999999999999,
        1.1249999999999998,
        1.275
      ],
      "correlations": [
        0.7564934401304964,
        0.7731290532573466,
        0.6972243597815434,
        0.6295968564928373,
        0.4768471497718256,
        -0.013861092563613236,
        -0.02719650448748228
      ],
      "n_per_bin": [
        4453,
        8413,
        12165,
        12961,
        8008,
        4072,
        145
      ],
      "sigmoid_z0": 1.0073125778582586,
      "sigmoid_k": 21.209186151247962,
      "linear_slope": -0.9870065084537081,
      "linear_r": -0.9153860759961049,
      "linear_p": 0.00382017100591513,
      "corr_at_low_z": 0.7422822843897955,
      "corr_at_high_z": 0.14526318424024334
    },
    "MID mass": {
      "N": 51988,
      "mean_logMBH": 8.351453557368972,
      "z_centers": [
        0.375,
        0.5249999999999999,
        0.6749999999999998,
        0.825,
        0.9749999999999999,
        1.1249999999999998,
        1.275
      ],
      "correlations": [
        0.8313286968880569,
        0.8561033211636986,
        0.7939507503504794,
        0.6780676314748749,
        0.5359929767572009,
        -0.0343663820771781,
        -0.006109444417195362
      ],
      "n_per_bin": [
        2086,
        5264,
        9917,
        14617,
        12088,
        7573,
        342
      ],
      "sigmoid_z0": 1.0009332951130634,
      "sigmoid_k": 29.339042172441875,
      "linear_slope": -1.0836218104739974,
      "linear_r": -0.9095268584547928,
      "linear_p": 0.0045016557583182565,
      "corr_at_low_z": 0.8271275894674116,
      "corr_at_high_z": 0.16517238342094248
    },
    "HIGH mass": {
      "N": 50459,
      "mean_logMBH": 8.840155632111745,
      "z_centers": [
        0.375,
        0.5249999999999999,
        0.6749999999999998,
        0.825,
        0.9749999999999999,
        1.1249999999999998,
        1.275
      ],
      "correlations": [
        0.8294556408298956,
        0.87605214720848,
        0.8535828859955645,
        0.6780439242546229,
        0.6095663893106823,
        0.01073631463525805,
        0.06199743626162372
      ],
      "n_per_bin": [
        1706,
        4432,
        8399,
        12066,
        12411,
        10837,
        490
      ],
      "sigmoid_z0": 0.9960493328039024,
      "sigmoid_k": 49.999999999764285,
      "linear_slope": -1.0183387560800339,
      "linear_r": -0.8900100925888604,
      "linear_p": 0.007256946390856067,
      "corr_at_low_z": 0.8530302246779801,
      "corr_at_high_z": 0.227433380069188
    }
  },
  "test2_mass_fixed_z": {
    "z=[0.3,0.6)": {
      "N": 26354,
      "mass_quintile_medians": [
        7.4527157781218545,
        7.8624097041368275,
        8.161527057936961,
        8.44602750541758,
        8.829056019657797
      ],
      "correlations": [
        0.6240157592161445,
        0.7615075013684055,
        0.8408399826152092,
        0.8511853886401576,
        0.8613308587184418
      ],
      "spearman_r": 0.9999999999999999,
      "spearman_p": 1.4042654220543602e-24
    },
    "z=[0.6,0.9)": {
      "N": 70125,
      "mass_quintile_medians": [
        7.71307015092526,
        8.072461755617264,
        8.30912999727095,
        8.538949923705212,
        8.876138643051322
      ],
      "correlations": [
        0.6108117626874726,
        0.7010779790906312,
        0.7323972384632815,
        0.7367791510945145,
        0.7517660787855173
      ],
      "spearman_r": 0.9999999999999999,
      "spearman_p": 1.4042654220543602e-24
    },
    "z=[0.9,1.2)": {
      "N": 54989,
      "mass_quintile_medians": [
        7.926807412085331,
        8.252503616910072,
        8.47208239565745,
        8.681167884952327,
        8.98757058713372
      ],
      "correlations": [
        0.2246124170849353,
        0.23786035818359508,
        0.24282938970850118,
        0.2351644811583995,
        0.2666744422938376
      ],
      "spearman_r": 0.7,
      "spearman_p": 0.1881204043741873
    },
    "z=[1.2,1.6)": {
      "N": 1010,
      "mass_quintile_medians": [
        8.004184071576482,
        8.334222975568055,
        8.545089772087447,
        8.75213761927067,
        9.062855812891055
      ],
      "correlations": [
        -0.03839918584903119,
        0.10778983199400742,
        0.06521724887730299,
        0.08018993944097005,
        0.06622183430018613
      ],
      "spearman_r": 0.3,
      "spearman_p": 0.623837664781073
    }
  },
  "test3_eddington": {
    "z=[0.3,0.6)": {
      "N": 26354,
      "edd_medians": [
        -1.5679216854281322,
        -1.0580544356583985,
        -0.5941041932724929
      ],
      "correlations": [
        0.8254728234859152,
        0.8556068322571474,
        0.8393996285284951
      ],
      "spearman_r": 0.5,
      "spearman_p": 0.6666666666666666
    },
    "z=[0.6,0.9)": {
      "N": 70125,
      "edd_medians": [
        -1.5672597282017051,
        -1.1565474121357084,
        -0.7276614040391749
      ],
      "correlations": [
        0.6946078246902275,
        0.7696357901254278,
        0.8059224489177176
      ],
      "spearman_r": 1.0,
      "spearman_p": 0.0
    },
    "z=[0.9,1.2)": {
      "N": 54989,
      "edd_medians": [
        -1.5178457660341849,
        -1.14723925646706,
        -0.7774927535163769
      ],
      "correlations": [
        0.2381545417688083,
        0.2966941859750482,
        0.36737298610445224
      ],
      "spearman_r": 1.0,
      "spearman_p": 0.0
    },
    "z=[1.2,1.6)": {
      "N": 1010,
      "edd_medians": [
        -1.5624854403914838,
        -1.1987156524484384,
        -0.8101576667553303
      ],
      "correlations": [
        0.1239556055586645,
        -0.026989596936564598,
        0.022874797458160855
      ],
      "spearman_r": -0.5,
      "spearman_p": 0.6666666666666666
    }
  },
  "test4_mass_slope": {
    "LOW mass": {
      "degradation_slope": -1.0456544713052796,
      "slope_r": -0.9289593313773183,
      "slope_p": 0.00010221001559892531
    },
    "MID mass": {
      "degradation_slope": -1.1490836625214504,
      "slope_r": -0.9224861784005035,
      "slope_p": 0.00014371902296494057
    },
    "HIGH mass": {
      "degradation_slope": -1.1062825873679847,
      "slope_r": -0.9124766493998241,
      "slope_p": 0.00023073568081020127
    }
  },
  "test5_luminosity_fixed_mass": {
    "z=[0.4,0.8)": {
      "N": 19322,
      "mass_range": "8.5-9.5",
      "r_low_lum": 0.6610000373143581,
      "r_high_lum": 0.7679146130724983,
      "delta_r": 0.10691457575814023
    },
    "z=[0.8,1.3)": {
      "N": 35596,
      "mass_range": "8.5-9.5",
      "r_low_lum": 0.2047637045443456,
      "r_high_lum": 0.25379750872200607,
      "delta_r": 0.049033804177660484
    }
  },
  "test6_pca_rotation": {
    "z=[0.3,0.6)": {
      "N": 26361,
      "PC1": [
        -0.5928184450278203,
        -0.6442250895021806,
        -0.4188753052868506,
        -0.24100581717367967
      ],
      "PC1_variance": 0.48262478595557523,
      "eigenvalues": [
        1.9305723797533962,
        1.432474622938019,
        0.43943288485317183,
        0.1976718575236868
      ]
    },
    "z=[0.6,0.9)": {
      "N": 70150,
      "PC1": [
        -0.5808177647911643,
        -0.5963214878033354,
        -0.4572236349402564,
        -0.31304625047911316
      ],
      "PC1_variance": 0.47894916281967864,
      "eigenvalues": [
        1.9158239616701862,
        1.3532486147258045,
        0.46977495383333034,
        0.2612094912535244
      ]
    },
    "z=[0.9,1.3)": {
      "N": 55964,
      "PC1": [
        0.010009525269562013,
        0.4802896656738028,
        0.6123427681715146,
        0.6278996581611357
      ],
      "PC1_variance": 0.32996473018109085,