{
  "test_date": "2026-03-08",
  "purpose": "Connect pre-data RG flow equation to measured doublet ladder",
  "doublet_ladder": {
    "names": [
      "[NII] 6548/6583",
      "[OIII] 4959/5007",
      "Balmer (H\u03b1/H\u03b2)",
      "[OII] 3726/3729",
      "[SII] 6716/6731",
      "CIV/MgII"
    ],
    "sensitivity": [
      0.0,
      0.0,
      0.3,
      0.4,
      0.7,
      1.0
    ],
    "degradation": [
      0.0,
      0.0,
      0.038,
      0.179,
      0.396,
      0.943
    ]
  },
  "model_fits": {
    "Linear": {
      "r_squared": 0.8789825142102812,
      "aic": -4.743346434904911,
      "bic": -5.159827496448801,
      "params": [
        0.8728205111822422,
        -0.08979487072844437
      ],
      "n_params": 2,
      "ss_res": 0.08181112820512815
    },
    "Power law (free \u03b3)": {
      "r_squared": 0.9929804613133574,
      "aic": -21.826771699444564,
      "bic": -22.243252760988454,
      "params": [
        0.9357920705106265,
        2.218656013891698
      ],
      "n_params": 2,
      "ss_res": 0.004745400019561153
    },
    "Fisher quadratic (q\u00b2)": {
      "r_squared": 0.990319647686467,
      "aic": -21.89836692988054,
      "bic": -22.106607460652487,
      "params": [
        0.9178049929614845
      ],
      "n_params": 1,
      "ss_res": 0.006544182760244922
    },
    "RG flow (q\u00b2)": {
      "r_squared": 0.9230881127045212,
      "aic": -9.462994035109944,
      "bic": -9.671234565881889,
      "params": [
        1.477227340419736
      ],
      "n_params": 1,
      "ss_res": 0.05199453806999639
    },
    "RG flow (free \u03b3)": {
      "r_squared": 0.9751484920290873,
      "aic": -14.241446107980693,
      "bic": -14.657927169524584,
      "params": [
        2.218155193410414,
        3.613925081816717
      ],
      "n_params": 2,
      "ss_res": 0.01680029866288822
    },
    "Exponential growth": {
      "r_squared": 0.9936604603368058,
      "aic": -22.438119764890217,
      "bic": -22.85460082643411,
      "params": [
        0.07880467576556771,
        2.5632131880216007
      ],
      "n_params": 2,
      "ss_res": 0.004285702093070069
    },
    "Logarithmic": {
      "r_squared": 0.4772714211251584,
      "aic": 4.035417448447556,
      "bic": 3.618936386903666,
      "params": [
        0.12041861210439925,
        0.4922562747323707
      ],
      "n_params": 2,
      "ss_res": 0.35337880723388215
    }
  },
  "rg_flow": {
    "Gamma_eff": 1.477227340419736,
    "gamma_fitted": 3.613925081816717
  },
  "higgs_portal": {
    "complexity_scores": [
      2,
      2,
      5,
      6,
      9,
      12
    ],
    "survivability": [
      1.0,
      1.0,
      0.962,
      0.821,
      0.604,
      0.05700000000000005
    ],
    "spearman_rho": -1.0,
    "spearman_p": 0.0
  }
}