{
  "dataset": "DES-SN5YR",
  "n_raw": 1820,
  "n_clean": 1820,
  "z_range": [
    0.02509,
    1.14418
  ],
  "z_median": 0.479345,
  "baryonic_nulls": {
    "host_mass_color_ttest": {
      "t": -1.3367813456948094,
      "p": 0.18146127576302956
    },
    "mwebv_vs_mu_resid": {
      "rho": -0.029240688194730212,
      "p": 0.2124488517896262
    },
    "host_mass_color_by_z": {
      "rho_low_z": 0.015869894158816546,
      "p_low_z": 0.6325743416560816,
      "rho_high_z": -0.11512613280124365,
      "p_high_z": 0.0005019358399598241,
      "z_split": 0.479345
    }
  },
  "color_distance": {
    "sliding_window": {
      "z_centers": [
        0.07089999999999999,
        0.22183999999999998,
        0.27963,
        0.32433,
        0.34721,
        0.379135,
        0.42147,
        0.45108499999999996,
        0.479345,
        0.5151399999999999,
        0.54428,
        0.57066,
        0.60165,
        0.626935,
        0.657405,
        0.69269
      ],
      "rhos": [
        -0.05302040876251769,
        -0.03386083695392914,
        -0.0020166949021110715,
        0.03191553948306823,
        -0.008952322373678427,
        0.044383033571739755,
        0.05999304950222442,
        0.08729954887554287,
        0.12376098310706175,
        0.06853387066265046,
        0.005914889119781818,
        -0.07280187498891703,
        -0.07936987008625183,
        -0.06929899686789552,
        -0.01681389814386419,
        -0.004259444490063095
      ],
      "pvals": [
        0.31307278579196895,
        0.5195843249292885,
        0.9694558930437637,
        0.5438708327059314,
        0.8648407639914075,
        0.39851411157764227,
        0.2529289166965811,
        0.09630906105374572,
        0.018168027193552223,
        0.19203592255715957,
        0.9104573110419172,
        0.16573661960072225,
        0.13067191469487024,
        0.18710912194976867,
        0.749189710198847,
        0.9354531838217284
      ]
    },
    "accumulation_trend": {
      "rho": 0.15294117647058825,
      "p": 0.5717446192454616
    },
    "low_z": {
      "rho": 0.006863542990436975,
      "p": 0.8361934666589351,
      "n": 910
    },
    "high_z": {
      "rho": -0.02628590414317312,
      "p": 0.42836478566258007,
      "n": 910
    }
  },
  "factorization": {
    "total_pairs": 15,
    "entangling_pairs": 1,
    "fraction": 0.06666666666666667,
    "entangling_details": [
      {
        "pair": "c_vs_c_resid",
        "rho_low_z": 0.9941766079981488,
        "rho_high_z": 0.9967805728082533,
        "z_diff": 6.324609000067787,
        "p_diff": 2.5387469904103455e-10,
        "entangling": true
      }
    ],
    "z_split": 0.479345
  },
  "sigmoid": {
    "z_threshold": 1.4999997400972644,
    "z_threshold_err": 4034653.6240833034,
    "steepness": 0.10000000000000002,
    "amplitude": 0.0100000000001049,
    "ss_sigmoid": 0.0532579318281939,
    "ss_linear": 0.0349737456273078,
    "sigmoid_better": false
  },
  "compression": {
    "rank_low_z": 3.971402119060602,
    "rank_high_z": 3.991806277072323,
    "rank_drop": -0.020404158011720686,
    "p_no_compression": 1.0,
    "boot_ci_95": [
      0.007567126208404584,
      0.03423496936038313
    ],
    "n_low": 910,
    "n_high": 910
  },
  "signal_survival": {
    "raw": {
      "rho": -0.009169340927764641,
      "p": 0.6958586471199049
    },
    "controlled": {
      "rho": -0.0024664232847486133,
      "p": 0.916257512402803
    },
    "survival_pct": 26.898588504658132,
    "signal_amplified": false,
    "controls": [
      "HOST_LOGMASS",
      "x1",
      "MWEBV",
      "z",
      "z^2"
    ],
    "n": 1820
  },
  "frequency_fingerprint": {
    "high_z_c_mu": {
      "rho": -0.02628590414317312,
      "p": 0.42836478566258007
    },
    "high_z_chi2_mu": {
      "rho": 0.00923907960714839,
      "p": 0.7807584052527261
    },
    "high_z_x1_mu": {
      "rho": 0.0012972493318742096,
      "p": 0.9688271493345544
    },
    "c_x1_coupling_low_z": {
      "rho": 0.09777510792655794,
      "p": 0.0031518456799626633
    },
    "c_x1_coupling_high_z": {
      "rho": 0.1458128926330291,
      "p": 1.0045162924204548e-05
    },
    "frequency_fingerprint_holds": false,
    "n_high_z": 910
  }
}