{
  "vweb_fractions": {
    "Void": 0.08189010620117188,
    "Sheet": 0.4250831604003906,
    "Filament": 0.4212074279785156,
    "Knot": 0.07181930541992188
  },
  "sn_results": {
    "n_valid": 1590,
    "fdp_vs_color": {
      "rho": 0.02582613283889854,
      "p": 0.30339803619596656
    },
    "fdp_vs_stretch": {
      "rho": -0.035620215823059465,
      "p": 0.1557001030893341
    },
    "fdp_vs_mu": {
      "rho": -0.0996849661339216,
      "p": 6.842024212720072e-05
    },
    "density_vs_color": {
      "rho": -0.04901204963374345,
      "p": 0.05070320104578909
    },
    "fdp_vs_color_ctrl": {
      "rho": -0.034676976062699,
      "p": 0.16695149100735207
    }
  },
  "fdp_density_independence": {
    "rho": -0.8381543254650041,
    "p": 0.0
  }
}