{
  "best_params": {
    "n0": 0.5,
    "gamma": 2.0,
    "tau_screen": 5.0,
    "Gamma_diffuse": 0,
    "z0_fit": 0.7561501869635227,
    "k_fit": 3.2305796212692584,
    "r_sq": 0.996525569902243
  },
  "AL_TT_EE_split": {
    "AL_TT": 1.22,
    "AL_EE": 0.97,
    "delta": 0.25,
    "sigma": 0.9190182776172596
  }
}