{
  "scatter_vs_z_rho": -0.28181818181818186,
  "scatter_vs_z_p": 0.40114489796047825,
  "mad_vs_z_rho": -0.18181818181818182,
  "mad_vs_z_p": 0.5926152128455,
  "mean_resid_vs_z_rho": -0.48181818181818187,
  "z_centers": [
    0.02677524822695036,
    0.06776122222222222,
    0.12825399999999998,
    0.17805639344262295,
    0.24834876447876444,
    0.3406213978494624,
    0.4652592142857143,
    0.615135376344086,
    0.7498348936170214,
    1.2292100000000001,
    1.7683185714285714
  ],
  "scatters": [
    0.16944632792025469,
    0.15417960686137547,
    0.1267143304084437,
    0.149777581996963,
    0.1463600415814234,
    0.13413099969114758,
    0.1448233124675225,
    0.13666702193955632,
    0.14756502125776225,
    0.2276398661857096,
    0.12208473105784699
  ],
  "mean_resids": [
    0.014304216164615352,
    0.009074972065056938,
    0.0264846229868749,
    0.004750556259500301,
    -0.0021542546876891448,
    0.011328799729909385,
    -0.010979851772175182,
    -0.030056157250561197,
    -0.06949137123818336,
    0.07384154673119683,
    -0.06469719915887394
  ]
}