{
  "test_date": "2026-03-09",
  "n_sne": 1590,
  "covariance_size": 1701,
  "full_cov_fits": {
    "std_chi2": 1527.0916017673917,
    "std_rho": -0.2269793979114842,
    "m1_chi2": 1520.1801669939755,
    "m1_rho": -0.21644203986695104
  },
  "diag_fits": {
    "std_chi2": 19948.08520414796,
    "std_rho": -0.1990827405464757,
    "m1_chi2": 19339.723616397543,
    "m1_rho": -0.1346231675318947
  },
  "full_cov_null": {
    "n_mocks": 200,
    "std_mean": -0.0038764198311850902,
    "std_sigma": 0.054584431904704876,
    "std_sigma_from_null": -4.087300541476715,
    "m1_mean": -0.003882273622943894,
    "m1_sigma": 0.03206061417966176,
    "m1_sigma_from_null": -6.629934319188694
  }
}