{
  "test_date": "2026-03-09",
  "control_1_host_mass": {
    "High-mass hosts": {
      "label": "High-mass hosts",
      "n": 864,
      "n_fit": 216,
      "MB_tripp": -19.331153871084005,
      "alpha_tripp": 0.1609121176267055,
      "beta_tripp": 2.6947401427442124,
      "MB_stretch": -19.419194823722933,
      "alpha_stretch": 0.1676525759448123,
      "delta_MB": -0.0880409526389272,
      "H0_ratio": 0.9602665689995848,
      "color_dH0": 2.900540463030306
    },
    "Low-mass hosts": {
      "label": "Low-mass hosts",
      "n": 726,
      "n_fit": 242,
      "MB_tripp": -19.29876205256775,
      "alpha_tripp": 0.1139737759376196,
      "beta_tripp": 2.8622836837153436,
      "MB_stretch": -19.359705917662613,
      "alpha_stretch": 0.13812450149761385,
      "delta_MB": -0.06094386509486327,
      "H0_ratio": 0.9723244955705308,
      "color_dH0": 2.0203118233512516
    },
    "All (with mass)": {
      "label": "All (with mass)",
      "n": 1590,
      "n_fit": 228,
      "MB_tripp": -19.31234839891875,
      "alpha_tripp": 0.12413405549023541,
      "beta_tripp": 2.7303479833005326,
      "MB_stretch": -19.40119515048832,
      "alpha_stretch": 0.12361335512608515,
      "delta_MB": -0.08884675156956945,
      "H0_ratio": 0.9599102954315979,
      "color_dH0": 2.9265484334933536
    }
  },
  "control_2_color_cut": [
    {
      "label": "|c|<0.15",
      "n": 1459,
      "n_fit": 209,
      "MB_tripp": -19.317074664415138,
      "alpha_tripp": 0.11910051024931784,
      "beta_tripp": 2.849108423323056,
      "MB_stretch": -19.39815984777434,
      "alpha_stretch": 0.14114270153362546,
      "delta_MB": -0.08108518335920323,
      "H0_ratio": 0.9633474748339229,
      "color_dH0": 2.6756343371236273
    },
    {
      "label": "|c|<0.2",
      "n": 1552,
      "n_fit": 222,
      "MB_tripp": -19.34161380669645,
      "alpha_tripp": 0.14776525549247177,
      "beta_tripp": 2.5834066715266992,
      "MB_stretch": -19.41338031428343,
      "alpha_stretch": 0.1795650110596035,
      "delta_MB": -0.07176650758697889,
      "H0_ratio": 0.9674904759468811,
      "color_dH0": 2.3731952558776803
    },
    {
      "label": "|c|<0.25",
      "n": 1584,
      "n_fit": 227,
      "MB_tripp": -19.338853004862024,
      "alpha_tripp": 0.13404437091515595,
      "beta_tripp": 2.6812433838276215,
      "MB_stretch": -19.422160175451864,
      "alpha_stretch": 0.13001090867455772,
      "delta_MB": -0.0833071705898405,
      "H0_ratio": 0.9623622212422849,
      "color_dH0": 2.7475578493132042
    },
    {
      "label": "|c|<0.3",
      "n": 1590,
      "n_fit": 228,
      "MB_tripp": -19.31234839891875,
      "alpha_tripp": 0.12413405549023541,
      "beta_tripp": 2.7303479833005326,
      "MB_stretch": -19.40119515048832,
      "alpha_stretch": 0.12361335512608515,
      "delta_MB": -0.08884675156956945,
      "H0_ratio": 0.9599102954315979,
      "color_dH0": 2.9265484334933536
    },
    {
      "label": "|c|<0.4",
      "n": 1590,
      "n_fit": 228,
      "MB_tripp": -19.31234839891875,
      "alpha_tripp": 0.12413405549023541,
      "beta_tripp": 2.7303479833005326,
      "MB_stretch": -19.40119515048832,
      "alpha_stretch": 0.12361335512608515,
      "delta_MB": -0.08884675156956945,
      "H0_ratio": 0.9599102954315979,
      "color_dH0": 2.9265484334933536
    },
    {
      "label": "|c|<0.5",
      "n": 1590,
      "n_fit": 228,
      "MB_tripp": -19.31234839891875,
      "alpha_tripp": 0.12413405549023541,
      "beta_tripp": 2.7303479833005326,
      "MB_stretch": -19.40119515048832,
      "alpha_stretch": 0.12361335512608515,
      "delta_MB": -0.08884675156956945,
      "H0_ratio": 0.9599102954315979,
      "color_dH0": 2.9265484334933536
    }
  ],
  "control_3_survey": {
    "Low-z (z<0.1)": {
      "label": "Low-z (z<0.1)",
      "n": 630,
      "n_fit": 210,
      "MB_tripp": -19.287840615430056,
      "alpha_tripp": 0.15428818828553287,
      "beta_tripp": 3.0856559007313034,
      "MB_stretch": -19.32557233072345,
      "alpha_stretch": 0.1699596469605422,
      "delta_MB": -0.037731715293393364,
      "H0_ratio": 0.982773996735201,
      "color_dH0": 1.2574982383303235
    },
    "Mid-z (0.1-0.4)": {
      "label": "Mid-z (0.1-0.4)",
      "n": 652,
      "n_fit": 218,
      "MB_tripp": -19.32449176973727,
      "alpha_tripp": 0.1263206417352039,
      "beta_tripp": 2.865503317993755,
      "MB_stretch": -19.410888169229814,
      "alpha_stretch": 0.14614188227228847,
      "delta_MB": -0.08639639949254274,
      "H0_ratio": 0.9609940972677005,
      "color_dH0": 2.847430899457866
    },
    "High-z (z>0.4)": {
      "label": "High-z (z>0.4)",
      "n": 308,
      "n_fit": 308,
      "MB_tripp": -19.369781647570584,
      "alpha_tripp": 0.08992597416857812,
      "beta_tripp": 2.3321207315996166,
      "MB_stretch": -19.463753779121653,
      "alpha_stretch": 0.0841626297128172,
      "delta_MB": -0.09397213155106954,
      "H0_ratio": 0.9576472672348912,
      "color_dH0": 3.0917494918529393
    }
  },
  "control_5_h0_nmodes": {
    "rho": 0.9251872672604672,
    "p": 0.0028233259237585165,
    "data": [
      {
        "method": "CMB (Planck)",
        "n_modes": 0,
        "h0": 67.36,
        "sigma": 0.54
      },
      {
        "method": "BAO (DESI)",
        "n_modes": 0,
        "h0": 67.97,
        "sigma": 0.38
      },
      {
        "method": "GW Standard Sirens",
        "n_modes": 0,
        "h0": 67.9,
        "sigma": 4.2
      },
      {
        "method": "TRGB (Freedman)",
        "n_modes": 2,
        "h0": 69.8,
        "sigma": 1.7
      },
      {
        "method": "SN Ia stretch-only (THIS WORK)",
        "n_modes": 1,
        "h0": 70.5,
        "sigma": 1.5
      },
      {
        "method": "SN Ia Tripp (Pantheon+)",
        "n_modes": 4,
        "h0": 73.04,
        "sigma": 1.04
      },
      {
        "method": "Cepheid (SH0ES)",
        "n_modes": 4,
        "h0": 73.04,
        "sigma": 1.04
      }
    ]
  }
}