{
  "Gamma_Sigma_m2": 1.0559645847962953e-26,
  "Gamma_Sigma_over_Thomson": 158.74392435302093,
  "Sigma_z082_over_z2": 0.29903115216773113,
  "z0_from_sigmoid_fit": 2.0329619508386343
}