{
  "z_centers": [
    0.02677524822695036,
    0.06776122222222222,
    0.12825399999999998,
    0.17805639344262295,
    0.24834876447876444,
    0.3406213978494624,
    0.4652592142857143,
    0.615135376344086,
    0.7498348936170214,
    1.2292100000000001
  ],
  "alphas": [
    0.04458018628035143,
    0.10313865683902668,
    0.0966069234504312,
    0.13927091830557425,
    0.10457850317684025,
    0.12076202061045482,
    0.017697187841122286,
    0.12373960486510405,
    0.08195584063819195,
    0.10371881002616012
  ],
  "betas": [
    2.610964598249065,
    3.5806235226422474,
    3.048391031618854,
    2.7177810747063806,
    2.0749102860926616,
    2.5750430948706278,
    2.375789537204159,
    1.7741767145265426,
    1.2479575528378026,
    3.1802355412519443
  ],
  "alpha_plus_beta": [
    2.6555447845294164,
    3.683762179481274,
    3.144997955069285,
    2.8570519930119547,
    2.179488789269502,
    2.6958051154810825,
    2.3934867250452814,
    1.8979163193916466,
    1.3299133934759946,
    3.2839543512781044
  ],
  "test_A": {
    "alpha_vs_z_rho": 0.12727272727272726,
    "beta_vs_z_rho": -0.4424242424242424,
    "alpha_vs_beta_rho": 0.01818181818181818
  },
  "test_B": {
    "total_vs_z_rho": -0.38181818181818183,
    "total_vs_z_p": 0.2762553333854362
  }
}