{
  "n_sn": 1590,
  "n_frb": 492,
  "n_sn_with_dm": 1526,
  "median_frb_sep_deg": 6.312760969167347,
  "F1_x1_dm": {
    "rho": -0.06626579360537221,
    "p": 0.00961613827078904,
    "ci_lo": -0.11646701180819283,
    "ci_hi": -0.016896775543935927,
    "null": false
  },
  "F2_c_dm": {
    "rho": 0.016062856302543536,
    "p": 0.5306549835747562,
    "ci_lo": -0.03363902644291142,
    "ci_hi": 0.06616278503168184
  },
  "F3_mu_dm": {
    "rho": 0.024394984671318207,
    "p": 0.3409308058523266,
    "ci_lo": -0.02589786281331527,
    "ci_hi": 0.0751075799683614
  },
  "F4_x1_dm_z<082": {
    "rho": -0.07031119555202085,
    "p": 0.006498391321409062,
    "n": 1497,
    "ci_lo": -0.12129077058644973,
    "ci_hi": -0.018764112406093998
  },
  "F4_x1_dm_z>082": {
    "rho": -0.032512315270935954,
    "p": 0.8670343441310322,
    "n": 29,
    "ci_lo": -0.39896730866933644,
    "ci_hi": 0.34374978637857934
  },
  "F5_c_dm_z<082": {
    "rho": 0.01415906825839311,
    "p": 0.5841042808313652,
    "n": 1497,
    "ci_lo": -0.037150298746217905,
    "ci_hi": 0.06303585272460535
  },
  "F5_c_dm_z>082": {
    "rho": 0.15369458128078814,
    "p": 0.4260261401420079,
    "n": 29,
    "ci_lo": -0.2224868649043984,
    "ci_hi": 0.4894577525781323
  },
  "F6_sep_vs_x1": {
    "rho": 0.06191050775233518,
    "p": 0.01557120589552314
  },
  "F6_sep_vs_c": {
    "rho": -0.06948697451187559,
    "p": 0.006617557113861091
  },
  "F7_permutation": {
    "rho_obs": -0.06626579360537221,
    "p_perm": 0.0089,
    "null_mean": -6.059731886296272e-07,
    "null_std": 0.02564430491641149
  }
}