{
  "color_distance": {
    "low_z": {
      "rho": -0.20766749158733844,
      "p": 1.2644405011383884e-11,
      "n": 1043
    },
    "high_z": {
      "rho": -0.45205122165621064,
      "p": 1.0285351356534857e-53,
      "n": 1044
    }
  },
  "factorization": {
    "entangling": 3,
    "total": 6,
    "fraction": 0.5
  },
  "compression": {
    "rank_lo": 2.9869768663874057,
    "rank_hi": 2.9243983754097687,
    "drop": 0.06257849097763701,
    "p": 0.0
  },
  "signal_survival": {
    "raw": {
      "rho": -0.30779979383605244,
      "p": 4.874627049328472e-47
    },
    "controlled": {
      "rho": -0.04544086119211422,
      "p": 0.037918469659697904
    },
    "survival": 14.76312268627379,
    "amplified": false
  },
  "sigmoid": {
    "z_threshold": 0.481455440773043,
    "z_err": 0.08373254322884514
  },
  "step_model": {
    "z0": 0.3020408163265306,
    "daic": -196.8992155787737,
    "dbic": -185.61224976461926
  },
  "within_survey": {
    "DES_Deep": {
      "n": 51,
      "z_range": [
        0.077178571287144,
        0.8485083867036423
      ],
      "low_z": {
        "rho": 0.009999999999999998,
        "p": 0.9621615894640947
      },
      "high_z": {
        "rho": -0.5152136752136752,
        "p": 0.007069899122543604
      }
    },
    "DES_Shallow": {
      "n": 155,
      "z_range": [
        0.10409620831522504,
        0.7285979961612705
      ],
      "low_z": {
        "rho": -0.4296492980703506,
        "p": 9.641504589557565e-05
      },
      "high_z": {
        "rho": -0.41511652904057966,
        "p": 0.00015743143575901926
      }
    },
    "ESSENCE": {
      "n": 172,
      "z_range": [
        0.1451153241454577,
        0.8050809213896892
      ],
      "low_z": {
        "rho": -0.20133968583423745,
        "p": 0.06303979897432255
      },
      "high_z": {
        "rho": -0.7220057549884429,
        "p": 4.349121954615444e-15
      }
    },
    "Pan-STARRS": {
      "n": 313,
      "z_range": [
        0.027225321279848558,
        0.666698401717537
      ],
      "low_z": {
        "rho": -0.13609710609916073,
        "p": 0.09025144515421116
      },
      "high_z": {
        "rho": -0.45745136102307754,
        "p": 1.7114802593066275e-09
      }
    },
    "SDSS": {
      "n": 399,
      "z_range": [
        0.03711,
        0.549726
      ],
      "low_z": {
        "rho": -0.2905451499923862,
        "p": 3.1411449466527624e-05
      },
      "high_z": {
        "rho": -0.354838370959274,
        "p": 2.5299731548057304e-07
      }
    },
    "SNLS": {
      "n": 235,
      "z_range": [
        0.12530682537460835,
        1.0608002241417207
      ],
      "low_z": {
        "rho": -0.2032849285917667,
        "p": 0.027930482140317923
      },
      "high_z": {
        "rho": -0.7052651569102217,
        "p": 4.872320723824405e-19
      }
    }
  },
  "fingerprint": {
    "c_mu": {
      "rho": -0.45205122165621064,
      "p": 1.0285351356534857e-53
    },
    "x1_mu": {
      "rho": 0.290723463473436,
      "p": 8.791258458392702e-22
    },
    "holds": true
  }
}