{
  "fg_density_breakers_median": 27.0,
  "fg_density_normals_median": 28.0,
  "fg_density_holders_median": 30.0,
  "p_early": 0.026532578929326193,
  "monotonicity_rho": -0.19999999999999998,
  "monotonicity_p": 0.7470600781046621
}