{
  "model_A": {
    "Om": 0.3,
    "alpha": 0.14422396274989688,
    "beta": 2.842878507757322,
    "M": -19.404551701620136,
    "chi2": 605.340592101488,
    "H0": 68.02216088403696
  },
  "model_B_z082": {
    "Om": 0.3,
    "alpha": 0.14426781651771323,
    "beta0": 2.8811132270590205,
    "delta_beta": 1.1600236411933689,
    "M": -19.405175310237524,
    "chi2": 602.4837669701037,
    "H0": 68.00262892264819
  },
  "model_B_best": {
    "z0": 0.8499999999999999,
    "Om": 0.3,
    "beta0": 2.867100354979511,
    "delta_beta": 1.2401917750085807,
    "chi2": 602.317988778048
  },
  "delta_chi2_z082": 2.856825131384312,
  "sigma_z082": 1.6902145222971847,
  "Om_shift": 0.0,
  "M_shift": -0.0006236086173885269,
  "H0_shift": -0.019531961388778996,
  "z0_scan": {
    "0.20": 605.2244897988835,
    "0.25": 605.1439207063651,
    "0.30": 605.0327738719546,
    "0.35": 604.8858954395422,
    "0.40": 604.6986217059334,
    "0.45": 604.469472036629,
    "0.50": 604.2029363681644,
    "0.55": 603.9097256436424,
    "0.60": 603.6033746437708,
    "0.65": 603.29581983652,
    "0.70": 602.9980203282636,
    "0.75": 602.7298070325445,
    "0.80": 602.5314645788087,
    "0.85": 602.4554844126149,
    "0.90": 602.5325887038102,
    "0.95": 602.7484423430733,
    "1.00": 603.0557576096223,
    "1.05": 603.3987215948154,
    "1.10": 603.7293850583226,
    "1.15": 604.0164605899784,
    "1.20": 604.2479174789819,
    "1.25": 604.4271728403999,
    "1.30": 604.5657837192123,
    "1.35": 604.6766028567355,
    "1.40": 604.7694973404855,
    "1.45": 604.849475468538,
    "1.50": 604.91366940421,
    "1.55": 604.9401148239807,
    "1.60": 604.9771861937562,
    "1.65": 605.0289520020369,
    "1.70": 605.2997712598766,
    "1.75": 605.3219595361202
  },
  "beta_binned": {
    "0.08": 2.9403295501146305,
    "0.22": 2.7273909317580887,
    "0.40": 2.7891638615103003,
    "0.60": 2.3105782676873625,
    "0.76": 1.5914835844800599,
    "1.80": 1.6431885565575812
  },
  "bao_comparison": {
    "Om_bao": 0.295,
    "gap_standard": 0.0050000000000000044,
    "gap_closure": 0.0050000000000000044
  }
}