{
  "HALPHA": {
    "rest_wav": 6563,
    "n_objects": 9166,
    "z_range": [
      0.21833277046680452,
      0.5793980956077577
    ],
    "r_first_half": 0.15234997427463165,
    "r_second_half": 0.1848056215330109,
    "decay_delta_r": -0.03245564725837924,
    "trend_r": 0.46753246753246747,
    "trend_p": 0.0325891251017163,
    "z0_sigmoid": 0.41565168021293186,
    "r2_sigmoid": 0.3675510623602475,
    "bin_z": [
      0.33267012342810637,
      0.34470563426613815,
      0.35674114510416993,
      0.36877665594220166,
      0.38081216678023344,
      0.3928476776182652,
      0.40488318845629695,
      0.41691869929432873,
      0.4289542101323605,
      0.4409897209703923,
      0.4530252318084241,
      0.46506074264645586,
      0.47709625348448764,
      0.4891317643225194,
      0.5011672751605512,
      0.5132027859985829,
      0.5252382968366147,
      0.5372738076746464,
      0.5493093185126783,
      0.56134482935071,
      0.5733803401887418
    ],
    "bin_corr": [
      0.135546374290423,
      0.1403875203655841,
      0.14053412479659477,
      0.12943823041885472,
      0.14533619033545145,
      0.14595031286536503,
      0.10665563161207818,
      0.18275921561991693,
      0.2127508043854056,
      0.1841413380566428,
      0.17642781114814818,
      0.10558831521091444,
      0.2206935130015353,
      0.2434576879207139,
      0.2496910856825815,
      0.1582731961292398,
      0.2155807505680596,
      0.13642942678758335,
      0.1861773139786045,
      0.16844637418860223,
      0.1720963622471372
    ]
  },
  "HBETA": {
    "rest_wav": 4861,
    "n_objects": 140343,
    "z_range": [
      0.341,
      1.1442188596725464
    ],
    "r_first_half": 0.2757224314403519,
    "r_second_half": 0.34633596431223723,
    "decay_delta_r": -0.07061353287188532,
    "trend_r": 0.44783092324805335,
    "trend_p": 0.013077845710969194,
    "z0_sigmoid": 4.161496808989594,
    "r2_sigmoid": 0.0,
    "bin_z": [
      0.35438698099454247,
      0.38116094298362735,
      0.40793490497271223,
      0.4347088669617971,
      0.461482828950882,
      0.4882567909399669,
      0.5150307529290518,
      0.5418047149181366,
      0.5685786769072215,
      0.5953526388963064,
      0.6221266008853913,
      0.6489005628744762,
      0.675674524863561,
      0.7024484868526459,
      0.7292224488417308,
      0.7559964108308157,
      0.7827703728199006,
      0.8095443348089855,
      0.8363182967980703,
      0.8630922587871552,
      0.8898662207762401,
      0.916640182765325,
      0.9434141447544099,
      0.9701881067434948,
      0.9969620687325796,
      1.0237360307216645,
      1.0505099927107495,
      1.0772839546998343,
      1.104057916688919,
      1.130831878678004
    ],
    "bin_corr": [
      0.3253461950369535,
      0.3342575984122256,
      0.29620095537386376,
      0.253359062706512,
      0.2844509219294636,
      0.2864619952763957,
      0.2615979868266615,
      0.24568618611049112,
      0.2427344885928219,
      0.26848483234240067,
      0.2920716562918562,
      0.2691230208622146,
      0.2673226597998343,
      0.2545572112696447,
      0.2541817007739391,
      0.22859626781951772,
      0.2462517325074223,
      0.24796846092293662,
      0.2788055735478602,
      0.28725876258097444,
      0.3190684392858895,
      0.2573671834304108,
      0.30762442550410135,
      0.3581839897461533,
      0.4599627977239683,
      0.49376965439526194,
      0.46865314636980443,
      0.4864291642864464,
      0.42592501041118647,
      0.32917485615162445
    ]
  },
  "MGII": {
    "rest_wav": 2798,
    "n_objects": 604135,
    "z_range": [
      0.528,
      2.617
    ],
    "r_first_half": 0.3283757064898582,
    "r_second_half": 0.29613363928210207,
    "decay_delta_r": 0.03224206720775613,
    "trend_r": -0.3993325917686318,
    "trend_p": 0.028803768569446674,
    "z0_sigmoid": 1.584295681845244,
    "r2_sigmoid": 0.3181600938257123,
    "bin_z": [
      0.5628166666666667,
      0.63245,
      0.7020833333333334,
      0.7717166666666667,
      0.84135,
      0.9109833333333335,
      0.9806166666666667,
      1.0502500000000001,
      1.1198833333333333,
      1.1895166666666668,
      1.25915,
      1.3287833333333334,
      1.3984166666666669,
      1.46805,
      1.5376833333333333,
      1.6073166666666667,
      1.6769500000000002,
      1.7465833333333336,
      1.8162166666666668,
      1.88585,
      1.9554833333333335,
      2.025116666666667,
      2.0947500000000003,
      2.1643833333333333,
      2.2340166666666668,
      2.30365,
      2.3732833333333336,
      2.442916666666667,
      2.51255,
      2.5821833333333335
    ],
    "bin_corr": [
      0.3159583722700408,
      0.3356510774575552,
      0.32700711155054385,
      0.32415290963247495,
      0.3268494407212852,
      0.33013186692895313,
      0.30394925031742004,
      0.329774344872789,
      0.34750542534220413,
      0.3276757168135184,
      0.3561911878307421,
      0.3283712153393587,
      0.33024693437412395,
      0.328885365629519,
      0.313285378267345,
      0.3124598730708749,
      0.3026944811154562,
      0.2856893349208058,
      0.2936897170755382,
      0.29153785546323396,
      0.27494659967242857,
      0.2943162678727097,
      0.25493051284363366,
      0.23859680867066238,
      0.3086151048322036,
      0.27486674238504505,
      0.27584290076288576,
      0.3082226642650411,
      0.35684649767664717,
      0.36874922860436626
    ]
  },
  "CIV": {
    "rest_wav": 1549,
    "n_objects": 386275,
    "z_range": [
      1.3168675565719605,
      3.549
    ],
    "r_first_half": 0.1987257449843835,
    "r_second_half": 0.13142195484346922,
    "decay_delta_r": 0.06730379014091428,
    "trend_r": -0.8598442714126807,
    "trend_p": 1.1489911489309416e-09,
    "z0_sigmoid": null,
    "r2_sigmoid": 0.7483650870834024,
    "bin_z": [
      1.354069763962428,
      1.4284741787433624,
      1.5028785935242972,
      1.5772830083052316,
      1.6516874230861665,
      1.726091837867101,
      1.8004962526480357,
      1.8749006674289703,
      1.949305082209905,
      2.02370949699084,
      2.098113911771774,
      2.1725183265527086,
      2.246922741333644,
      2.3213271561145783,
      2.3957315708955127,
      2.470135985676447,
      2.5445404004573824,
      2.618944815238317,
      2.693349230019251,
      2.7677536448001856,
      2.842158059581121,
      2.9165624743620553,
      2.9909668891429897,
      3.0653713039239245,
      3.1397757187048594,
      3.214180133485794,
      3.288584548266728,
      3.362988963047663,
      3.437393377828598,
      3.5117977926095323
    ],
    "bin_corr": [
      0.2579197042538086,
      0.2540929172882965,
      0.22824699014296282,
      0.20450375994801057,
      0.21592326652229882,
      0.201505154375492,
      0.18833329430564966,
      0.18900688109302832,
      0.18210229213408277,
      0.20466615572878036,
      0.19229438120678052,
      0.18827255362459583,
      0.14750752714716978,
      0.1653917982713652,
      0.16111949872343098,
      0.1538822797662367,
      0.15003948480808457,
      0.15028912157786387,
      0.133051393740466,
      0.14631763953120028,
      0.13344151951201463,
      0.14053458714873449,
      0.16653379915423713,
      0.1477059617579653,
      0.14348181989230574,
      0.1478181915432206,
      0.08240761958611796,
      0.05230076239920455,
      0.05880036187746095,
      0.16472478035692578
    ]
  },
  "CIII": {
    "rest_wav": 1909,
    "n_objects": 574300,
    "z_range": [
      0.96,
      3.375
    ],
    "r_first_half": 0.20086754459724168,
    "r_second_half": 0.2370335124381148,
    "decay_delta_r": -0.036165967840873114,
    "trend_r": 0.7232480533926585,
    "trend_p": 6.323558556708526e-06,
    "z0_sigmoid": 1.40545539578208,
    "r2_sigmoid": 0.6804861976264487,