{
  "real_color_slope": -0.04633154602568467,
  "real_color_intercept": -0.009232722607011254,
  "delta_M_for_H0": 0.17450433995461356,
  "best_f_direct": null,
  "best_combined": {
    "H0": 74.01582201108349,
    "Om": 0.22535187089303435,
    "Ode": 0.7746481291069657,
    "w": -0.7714726646964241,
    "bias_05": 0.02926666014347361,
    "bias_10": 0.08679702724902352
  }
}