{
  "test_a_knee": {
    "r2_exponential": 0.7111323527617756,
    "r2_hinge": 0.7772888986457475,
    "r2_linear": 0.7129061787656751
  },
  "test_c_h0": {
    "M_all": -19.40270463252779,
    "M_slow": -19.399689839065662,
    "M_fast": -19.439962876176157,
    "delta_M": 0.0030147934621282957,
    "H0_implied": 67.49364070180309
  }
}