{
  "rosetta": {
    "thresholds": {
      "SNe Ia (Pantheon+)": {
        "z0": 0.82,
        "z0_err": 0.05
      },
      "Quasars DR16Q (EW)": {
        "z0": 1.14,
        "z0_err": 0.09
      },
      "FRBs (CHIME)": {
        "DM0": 500,
        "DM0_err": 50
      }
    },
    "dm_values": [
      762.5999999999999,
      1060.1999999999998,
      500
    ],
    "mean_dm": 774.2666666666665,
    "cv": 0.29556926726543115,
    "z_mids": [
      0.22885359784960746,
      0.40272001216602327,
      0.4827208871660233,
      0.544000875,
      0.5934999999999999,
      0.6355,
      0.67229775,
      0.70529775,
      0.7355,
      0.764,
      0.7915000000000001,
      0.8185,
      0.8456905472874641,
      0.8731905472874641,
      0.9012114582061768,
      0.9303171932697296,
      0.960699163377285,
      0.9934739395976067,
      1.0321710705757141,
      2.026193082332611
    ],
    "correlations": [
      0.5848589266133404,
      0.000173853606679897,
      0.0001525545998317916,
      0.4413890430113442,
      0.00014292510839440914,
      0.00014386759751083188,
      0.005791533141566743,
      0.008498263504850997,
      0.2157761035464472,
      0.00011931586770803924,
      0.6006520225955305,
      0.007125103420312899,
      0.00032892521410327123,
      0.003176874597146707,
      0.0021752445092050672,
      0.00021110619863412504,
      0.00018968251407713458,
      0.0005998506267316847,
      0.001124889138387541,
      0.001548973073444523
    ]
  },
  "wavelength": [
    {
      "line": "LYA",
      "wavelength": 1216,
      "n": 282219,
      "drift_rate": 0.011087851039575061,
      "trend_r": 0.0867255895111848,
      "trend_p": 0.8897161270562565,
      "bin_rs": [
        -0.004215477938241296,
        -0.0032774992377113546,
        0.20633574235609484,
        -0.004353007176148373,
        0.0034027922809735894
      ]
    },
    {
      "line": "NV1240",
      "wavelength": 1240,
      "n": 262979,
      "drift_rate": -0.024797807265624167,
      "trend_r": -0.1195864547616916,
      "trend_p": 0.8481014942247379,
      "bin_rs": [
        0.26252947657192127,
        0.36261375202079177,
        0.34828672212243883,
        -0.006874374972448827,
        0.3042175267302639
      ]
    },
    {
      "line": "SIIV_OIV",
      "wavelength": 1400,
      "n": 392851,
      "drift_rate": 0.10881661222784027,
      "trend_r": 0.6875233382829071,
      "trend_p": 0.19956114059612715,
      "bin_rs": [
        -0.010992048458771766,
        -0.005558424939735552,
        -0.005879069509556564,
        -0.00933645643176025,
        0.2623987384838715
      ]
    },
    {
      "line": "CIV",
      "wavelength": 1549,
      "n": 513919,
      "drift_rate": 0.09147342585139726,
      "trend_r": 0.8905918818780354,
      "trend_p": 0.04272178653603688,
      "bin_rs": [
        -0.04823753189436069,
        -0.004902449374979423,
        -0.00454195453898659,
        0.124618162130471,
        0.13003993269865705
      ]
    },
    {
      "line": "HEII1640",
      "wavelength": 1640,
      "n": 527663,
      "drift_rate": 0.016670349038459455,
      "trend_r": 0.9685200008786382,
      "trend_p": 0.006673051890896815,
      "bin_rs": [
        -0.023598282090629877,
        -0.00360581222601954,
        -0.001891759584040686,
        -0.002026472284842558,
        0.015521131305082543
      ]
    },
    {
      "line": "CIII_ALL",
      "wavelength": 1909,
      "n": 635817,
      "drift_rate": 0.027169597443773178,
      "trend_r": 0.6964354328742483,
      "trend_p": 0.19136947831263101,
      "bin_rs": [
        -0.07480646540261854,
        -0.004725639677215069,
        0.006298245433834421,
        -0.004498570624331112,
        -0.007436933753574247
      ]
    },
    {
      "line": "MGII",
      "wavelength": 2796,
      "n": 664016,
      "drift_rate": 0.0002644511823140543,
      "trend_r": 0.0954660028930372,
      "trend_p": 0.8786337943639252,
      "bin_rs": [
        -0.002422360333212458,
        -0.0064657646129310815,
        -0.002142733926097283,
        -0.006537641998742731,
        -0.00202259103101642
      ]
    },
    {
      "line": "NEV3426",
      "wavelength": 3426,
      "n": 440779,
      "drift_rate": 0.0007286255574638828,
      "trend_r": 0.8589320698261826,
      "trend_p": 0.06223952790872391,
      "bin_rs": [
        -0.0024583324928035078,
        -0.0023010217762184427,
        -0.0015453634122389623,
        -0.0022676912692337617,
        -0.0008790087548011818
      ]
    },
    {
      "line": "OII3728",
      "wavelength": 3728,
      "n": 346722,
      "drift_rate": -0.0014416907721355669,
      "trend_r": -0.22864709538662079,
      "trend_p": 0.7114343725592205,
      "bin_rs": [
        -0.0035339304400007015,
        0.007306270594436832,
        -0.003670555789368177,
        -0.00358588897781293,
        -0.0030552022356798306
      ]
    },
    {
      "line": "HEII4687",
      "wavelength": 4687,
      "n": 149423,
      "drift_rate": 9.690097463620805e-05,
      "trend_r": 0.24041445402365885,
      "trend_p": 0.6968696864171617,
      "bin_rs": [
        -0.0013397553184207143,
        -0.0014340562597716998,
        -0.0014231432078903228,
        -0.001998669093265511,
        -0.0012446087284983475
      ]
    },
    {
      "line": "HBETA",
      "wavelength": 4861,
      "n": 169157,
      "drift_rate": -0.0035140626322312483,
      "trend_r": -0.7959576275501428,
      "trend_p": 0.10718998975455915,
      "bin_rs": [
        -0.001562878794491571,
        -0.005958345880779827,
        -0.004048778554616494,
        -0.00848520830720534,
        -0.009484604819536044
      ]
    },
    {
      "line": "OIII5007",
      "wavelength": 5007,
      "n": 142211,
      "drift_rate": -0.00120386627071184,
      "trend_r": -0.08873507043702461,
      "trend_p": 0.8871674420152176,
      "bin_rs": [
        -0.00024934230719289205,
        0.022655241494199143,
        -0.0022342403290694884,
        0.007568739891821906,
        0.003935299739000635
      ]
    },
    {
      "line": "HALPHA",
      "wavelength": 6563,
      "n": 24271,
      "drift_rate": -0.03744361286097929,
      "trend_r": -0.20707436832183704,
      "trend_p": 0.7382412818477326,
      "bin_rs": [
        -0.011023300241697684,
        -0.0098989351316514,
        0.2510481359314954,
        0.012762290165463997,
        -0.009913771093368965
      ]
    },
    {
      "line": "NII6585",
      "wavelength": 6585,
      "n": 21965,
      "drift_rate": -0.13377094964506372,
      "trend_r": -0.5027501539328427,
      "trend_p": 0.3879725270285383,
      "bin_rs": [
        0.12377374057206296,
        0.3907511181058165,
        -0.016298157268602162,
        0.09877999997715553,
        -0.028817449080797856
      ]
    },
    {
      "line": "SII6718",
      "wavelength": 6718,
      "n": 17087,
      "drift_rate": -0.010033660974836697,
      "trend_r": -0.3267075593807112,
      "trend_p": 0.5915463424293979,
      "bin_rs": [
        0.0064968724710505145,
        0.05093686466059696,
        0.011103396920601744,
        0.00709053471208107,
        0.004966859969952836
      ]
    }
  ],
  "extinction": {
    "n": 139776
  },
  "immunity": [
    {
      "line": "CIII_ALL",
      "n": 645024,
      "ew_drift": 0.1592,
      "fwhm_drift": 0.0506,
      "ew_fwhm_ratio": 3.14,
      "ew_by_bin": [
        1.0,
        0.768,
        0.702,
        0.636,
        0.523
      ],
      "fwhm_by_bin": [
        1.0,
        1.076,
        1.117,
        1.137,
        1.034
      ]
    },
    {
      "line": "CIII_BR",
      "n": 643426,
      "ew_drift": 0.157,
      "fwhm_drift": 0.0834,
      "ew_fwhm_ratio": 1.88,
      "ew_by_bin": [
        1.0,
        0.787,
        0.734,
        0.654,
        0.525
      ],
      "fwhm_by_bin": [
        1.0,
        1.156,
        1.226,
        1.183,
        1.056
      ]
    },
    {
      "line": "CIV",
      "n": 523562,