{
  "test1_triple_coherence": {
    "mu_resid": {
      "pearson_r": 0.0019,
      "pearson_p": 0.93883,
      "spearman_rho": -0.0037,
      "spearman_p": 0.87761,
      "N": 1701
    },
    "c_resid": {
      "pearson_r": -0.0289,
      "pearson_p": 0.233247,
      "spearman_rho": -0.0088,
      "spearman_p": 0.717407,
      "N": 1701
    },
    "chi2_dof": {
      "pearson_r": -0.002,
      "pearson_p": 0.935598,
      "spearman_rho": -0.0412,
      "spearman_p": 0.089594,
      "N": 1700
    }
  },
  "test2_survey_split": {
    "SDSS": {
      "mu_resid": {
        "r": -0.0525,
        "p": 0.348391,
        "N": 321
      },
      "c_resid": {
        "r": -0.067,
        "p": 0.231434,
        "N": 321
      },
      "chi2_dof": {
        "r": 0.0997,
        "p": 0.074479,
        "N": 321
      }
    },
    "PS1": {
      "mu_resid": {
        "r": 0.1125,
        "p": 0.065508,
        "N": 269
      },
      "c_resid": {
        "r": -0.0365,
        "p": 0.55069,
        "N": 269
      },
      "chi2_dof": {
        "r": -0.0737,
        "p": 0.229444,
        "N": 268
      }
    },
    "DES": {
      "mu_resid": {
        "r": -0.0237,
        "p": 0.737481,
        "N": 203
      },
      "c_resid": {
        "r": -0.0374,
        "p": 0.59637,
        "N": 203
      },
      "chi2_dof": {
        "r": 0.0105,
        "p": 0.8813,
        "N": 203
      }
    },
    "FOUNDATION": {
      "mu_resid": {
        "r": -0.1658,
        "p": 0.026543,
        "N": 179
      },
      "c_resid": {
        "r": 0.1225,
        "p": 0.102399,
        "N": 179
      },
      "chi2_dof": {
        "r": -0.1026,
        "p": 0.171737,
        "N": 179
      }
    },
    "SNLS": {
      "mu_resid": {
        "r": 0.0384,
        "p": 0.629724,
        "N": 160
      },
      "c_resid": {
        "r": -0.1011,
        "p": 0.20331,
        "N": 160
      },
      "chi2_dof": {
        "r": 0.0069,
        "p": 0.930816,
        "N": 160
      }
    },
    "CfA2": {
      "mu_resid": {
        "r": -0.0606,
        "p": 0.539437,
        "N": 105
      },
      "c_resid": {
        "r": 0.0494,
        "p": 0.617039,
        "N": 105
      },
      "chi2_dof": {
        "r": 0.0567,
        "p": 0.565484,
        "N": 105
      }
    },
    "CSP": {
      "mu_resid": {
        "r": 0.1218,
        "p": 0.255428,
        "N": 89
      },
      "c_resid": {
        "r": -0.0546,
        "p": 0.611188,
        "N": 89
      },
      "chi2_dof": {
        "r": -0.0533,
        "p": 0.620123,
        "N": 89
      }
    },
    "Other": {
      "mu_resid": {
        "r": -0.0149,
        "p": 0.896158,
        "N": 79
      },
      "c_resid": {
        "r": -0.0751,
        "p": 0.510914,
        "N": 79
      },
      "chi2_dof": {
        "r": -0.0218,
        "p": 0.848944,
        "N": 79
      }
    },
    "CfA4p2": {
      "mu_resid": {
        "r": 0.0509,
        "p": 0.704476,
        "N": 58
      },
      "c_resid": {
        "r": -0.0453,
        "p": 0.735388,
        "N": 58
      },
      "chi2_dof": {
        "r": -0.0784,
        "p": 0.558685,
        "N": 58
      }
    },
    "CfA1": {
      "mu_resid": {
        "r": -0.06,
        "p": 0.657616,
        "N": 57
      },
      "c_resid": {
        "r": -0.1533,
        "p": 0.254798,
        "N": 57
      },
      "chi2_dof": {
        "r": 0.035,
        "p": 0.795886,
        "N": 57
      }
    },
    "CfA4": {
      "mu_resid": {
        "r": 0.1666,
        "p": 0.257871,
        "N": 48
      },
      "c_resid": {
        "r": -0.0789,
        "p": 0.593819,
        "N": 48
      },
      "chi2_dof": {
        "r": -0.0354,
        "p": 0.810955,
        "N": 48
      }
    },
    "CfA3": {
      "mu_resid": {
        "r": -0.0384,
        "p": 0.800189,
        "N": 46
      },
      "c_resid": {
        "r": -0.0517,
        "p": 0.73293,
        "N": 46
      },
      "chi2_dof": {
        "r": -0.0379,
        "p": 0.80277,
        "N": 46
      }
    },
    "CfA4p1": {
      "mu_resid": {
        "r": -0.1726,
        "p": 0.329065,
        "N": 34
      },
      "c_resid": {
        "r": 0.1425,
        "p": 0.421357,
        "N": 34
      },
      "chi2_dof": {
        "r": 0.1478,
        "p": 0.40408,
        "N": 34
      }
    },
    "CfA3S": {
      "mu_resid": {
        "r": 0.0882,
        "p": 0.681841,
        "N": 24
      },
      "c_resid": {
        "r": -0.0081,
        "p": 0.969951,
        "N": 24
      },
      "chi2_dof": {
        "r": 0.4298,
        "p": 0.036058,
        "N": 24
      }
    }
  },
  "test3_angular_scale": {
    "mu_resid": {
      "5arcmin": {
        "r": 0.001,
        "p": 0.966122
      },
      "10arcmin": {
        "r": 0.0019,
        "p": 0.93883
      },
      "30arcmin": {
        "r": 0.0004,
        "p": 0.987986
      },
      "60arcmin": {
        "r": 0.0218,
        "p": 0.369558
      }
    },
    "c_resid": {
      "5arcmin": {
        "r": -0.0322,
        "p": 0.184552
      },
      "10arcmin": {
        "r": -0.0289,
        "p": 0.233247
      },
      "30arcmin": {
        "r": 0.0066,
        "p": 0.785939
      },
      "60arcmin": {
        "r": 0.0051,
        "p": 0.833431
      }
    },
    "chi2_dof": {
      "5arcmin": {
        "r": 0.0008,
        "p": 0.974451
      },
      "10arcmin": {
        "r": -0.002,
        "p": 0.935598
      },
      "30arcmin": {
        "r": -0.0116,
        "p": 0.633523
      },
      "60arcmin": {
        "r": -0.0116,
        "p": 0.634005
      }
    }
  },
  "test4_highz_coupling": {
    "z_0.00_0.15": {
      "pearson_r": -0.1737,
      "pearson_p": 1e-06,
      "spearman_rho": -0.2307,
      "N": 826
    },
    "z_0.15_0.30": {
      "pearson_r": -0.329,
      "pearson_p": 0.0,
      "spearman_rho": -0.3313,
      "N": 381
    },
    "z_0.30_0.50": {
      "pearson_r": -0.2536,
      "pearson_p": 1.5e-05,
      "spearman_rho": -0.2777,
      "N": 284
    },
    "z_0.50_0.70": {
      "pearson_r": -0.4649,
      "pearson_p": 0.0,
      "spearman_rho": -0.474,
      "N": 135
    },
    "z_0.70_1.00": {
      "pearson_r": -0.7082,
      "pearson_p": 0.0,
      "spearman_rho": -0.6809,
      "N": 50
    },
    "z_1.00_2.50": {
      "pearson_r": -0.6599,
      "pearson_p": 0.000332,
      "spearman_rho": -0.6431,
      "N": 25
    }
  },
  "test5_nested_models": {
    "M0_intercept_only": {
      "nll": -413.31,
      "aic": -822.62,
      "bic": -811.74,
      "params": [
        0.032894
      ],
      "sigma": 0.1898,
      "k": 1
    },
    "M1_closure_y": {
      "nll": -413.31,
      "aic": -820.63,
      "bic": -804.31,
      "params": [
        0.032901,
        0.000341
      ],
      "sigma": 0.1898,
      "k": 2
    },
    "M2_closure_y_yz": {
      "nll": -416.81,
      "aic": -825.63,
      "bic": -803.87,
      "params": [
        0.033261,
        0.000381,
        0.029606
      ],
      "sigma": 0.1894,
      "k": 3
    },
    "M3_accumulation_yz": {
      "nll": -416.81,
      "aic": -827.62,
      "bic": -811.3,
      "params": [
        0.033272,
        0.0296
      ],
      "sigma": 0.1894,
      "k": 2
    },
    "N": 1701
  }
}